sim	id	N	NGE	MODEL	H2G	H2GE	fastGWAS	LINEAR_MODEL
49	1	100000	500	10pct	0.1	0	False	truqtl
49	2	100000	500	10pct	0.1	0	False	truqtl
49	3	100000	500	10pct	0.1	0	False	truqtl
49	4	100000	500	10pct	0.1	0	False	truqtl
49	5	100000	500	10pct	0.1	0	False	truqtl
49	6	100000	500	10pct	0.1	0	False	truqtl
49	7	100000	500	10pct	0.1	0	False	truqtl
49	8	100000	500	10pct	0.1	0	False	truqtl
49	9	100000	500	10pct	0.1	0	False	truqtl
49	10	100000	500	10pct	0.1	0	False	truqtl
49	11	100000	500	10pct	0.1	0	False	truqtl
49	12	100000	500	10pct	0.1	0	False	truqtl
49	13	100000	500	10pct	0.1	0	False	truqtl
49	14	100000	500	10pct	0.1	0	False	truqtl
49	15	100000	500	10pct	0.1	0	False	truqtl
49	16	100000	500	10pct	0.1	0	False	truqtl
49	17	100000	500	10pct	0.1	0	False	truqtl
49	18	100000	500	10pct	0.1	0	False	truqtl
49	19	100000	500	10pct	0.1	0	False	truqtl
49	20	100000	500	10pct	0.1	0	False	truqtl
49	21	100000	500	10pct	0.1	0	False	truqtl
49	22	100000	500	10pct	0.1	0	False	truqtl
49	23	100000	500	10pct	0.1	0	False	truqtl
49	24	100000	500	10pct	0.1	0	False	truqtl
49	25	100000	500	10pct	0.1	0	False	truqtl
49	26	100000	500	10pct	0.1	0	False	truqtl
49	27	100000	500	10pct	0.1	0	False	truqtl
49	28	100000	500	10pct	0.1	0	False	truqtl
49	29	100000	500	10pct	0.1	0	False	truqtl
49	30	100000	500	10pct	0.1	0	False	truqtl
49	31	100000	500	10pct	0.1	0	False	truqtl
49	32	100000	500	10pct	0.1	0	False	truqtl
49	33	100000	500	10pct	0.1	0	False	truqtl
49	34	100000	500	10pct	0.1	0	False	truqtl
49	35	100000	500	10pct	0.1	0	False	truqtl
49	36	100000	500	10pct	0.1	0	False	truqtl
49	37	100000	500	10pct	0.1	0	False	truqtl
49	38	100000	500	10pct	0.1	0	False	truqtl
49	39	100000	500	10pct	0.1	0	False	truqtl
49	40	100000	500	10pct	0.1	0	False	truqtl
49	41	100000	500	10pct	0.1	0	False	truqtl
49	42	100000	500	10pct	0.1	0	False	truqtl
49	43	100000	500	10pct	0.1	0	False	truqtl
49	44	100000	500	10pct	0.1	0	False	truqtl
49	45	100000	500	10pct	0.1	0	False	truqtl
49	46	100000	500	10pct	0.1	0	False	truqtl
49	47	100000	500	10pct	0.1	0	False	truqtl
49	48	100000	500	10pct	0.1	0	False	truqtl
49	49	100000	500	10pct	0.1	0	False	truqtl
49	50	100000	500	10pct	0.1	0	False	truqtl
49	51	100000	500	10pct	0.1	0	False	truqtl
49	52	100000	500	10pct	0.1	0	False	truqtl
49	53	100000	500	10pct	0.1	0	False	truqtl
49	54	100000	500	10pct	0.1	0	False	truqtl
49	55	100000	500	10pct	0.1	0	False	truqtl
49	56	100000	500	10pct	0.1	0	False	truqtl
49	57	100000	500	10pct	0.1	0	False	truqtl
49	58	100000	500	10pct	0.1	0	False	truqtl
49	59	100000	500	10pct	0.1	0	False	truqtl
49	60	100000	500	10pct	0.1	0	False	truqtl
49	61	100000	500	10pct	0.1	0	False	truqtl
49	62	100000	500	10pct	0.1	0	False	truqtl
49	63	100000	500	10pct	0.1	0	False	truqtl
49	64	100000	500	10pct	0.1	0	False	truqtl
49	65	100000	500	10pct	0.1	0	False	truqtl
49	66	100000	500	10pct	0.1	0	False	truqtl
49	67	100000	500	10pct	0.1	0	False	truqtl
49	68	100000	500	10pct	0.1	0	False	truqtl
49	69	100000	500	10pct	0.1	0	False	truqtl
49	70	100000	500	10pct	0.1	0	False	truqtl
49	71	100000	500	10pct	0.1	0	False	truqtl
49	72	100000	500	10pct	0.1	0	False	truqtl
49	73	100000	500	10pct	0.1	0	False	truqtl
49	74	100000	500	10pct	0.1	0	False	truqtl
49	75	100000	500	10pct	0.1	0	False	truqtl
49	76	100000	500	10pct	0.1	0	False	truqtl
49	77	100000	500	10pct	0.1	0	False	truqtl
49	78	100000	500	10pct	0.1	0	False	truqtl
49	79	100000	500	10pct	0.1	0	False	truqtl
49	80	100000	500	10pct	0.1	0	False	truqtl
49	81	100000	500	10pct	0.1	0	False	truqtl
49	82	100000	500	10pct	0.1	0	False	truqtl
49	83	100000	500	10pct	0.1	0	False	truqtl
49	84	100000	500	10pct	0.1	0	False	truqtl
49	85	100000	500	10pct	0.1	0	False	truqtl
49	86	100000	500	10pct	0.1	0	False	truqtl
49	87	100000	500	10pct	0.1	0	False	truqtl
49	88	100000	500	10pct	0.1	0	False	truqtl
49	89	100000	500	10pct	0.1	0	False	truqtl
49	90	100000	500	10pct	0.1	0	False	truqtl
49	91	100000	500	10pct	0.1	0	False	truqtl
49	92	100000	500	10pct	0.1	0	False	truqtl
49	93	100000	500	10pct	0.1	0	False	truqtl
49	94	100000	500	10pct	0.1	0	False	truqtl
49	95	100000	500	10pct	0.1	0	False	truqtl
49	96	100000	500	10pct	0.1	0	False	truqtl
49	97	100000	500	10pct	0.1	0	False	truqtl
49	98	100000	500	10pct	0.1	0	False	truqtl
49	99	100000	500	10pct	0.1	0	False	truqtl
49	100	100000	500	10pct	0.1	0	False	truqtl
50	1	100000	500	10pct	0.1	0	True	truqtl
50	2	100000	500	10pct	0.1	0	True	truqtl
50	3	100000	500	10pct	0.1	0	True	truqtl
50	4	100000	500	10pct	0.1	0	True	truqtl
50	5	100000	500	10pct	0.1	0	True	truqtl
50	6	100000	500	10pct	0.1	0	True	truqtl
50	7	100000	500	10pct	0.1	0	True	truqtl
50	8	100000	500	10pct	0.1	0	True	truqtl
50	9	100000	500	10pct	0.1	0	True	truqtl
50	10	100000	500	10pct	0.1	0	True	truqtl
50	11	100000	500	10pct	0.1	0	True	truqtl
50	12	100000	500	10pct	0.1	0	True	truqtl
50	13	100000	500	10pct	0.1	0	True	truqtl
50	14	100000	500	10pct	0.1	0	True	truqtl
50	15	100000	500	10pct	0.1	0	True	truqtl
50	16	100000	500	10pct	0.1	0	True	truqtl
50	17	100000	500	10pct	0.1	0	True	truqtl
50	18	100000	500	10pct	0.1	0	True	truqtl
50	19	100000	500	10pct	0.1	0	True	truqtl
50	20	100000	500	10pct	0.1	0	True	truqtl
50	21	100000	500	10pct	0.1	0	True	truqtl
50	22	100000	500	10pct	0.1	0	True	truqtl
50	23	100000	500	10pct	0.1	0	True	truqtl
50	24	100000	500	10pct	0.1	0	True	truqtl
50	25	100000	500	10pct	0.1	0	True	truqtl
50	26	100000	500	10pct	0.1	0	True	truqtl
50	27	100000	500	10pct	0.1	0	True	truqtl
50	28	100000	500	10pct	0.1	0	True	truqtl
50	29	100000	500	10pct	0.1	0	True	truqtl
50	30	100000	500	10pct	0.1	0	True	truqtl
50	31	100000	500	10pct	0.1	0	True	truqtl
50	32	100000	500	10pct	0.1	0	True	truqtl
50	33	100000	500	10pct	0.1	0	True	truqtl
50	34	100000	500	10pct	0.1	0	True	truqtl
50	35	100000	500	10pct	0.1	0	True	truqtl
50	36	100000	500	10pct	0.1	0	True	truqtl
50	37	100000	500	10pct	0.1	0	True	truqtl
50	38	100000	500	10pct	0.1	0	True	truqtl
50	39	100000	500	10pct	0.1	0	True	truqtl
50	40	100000	500	10pct	0.1	0	True	truqtl
50	41	100000	500	10pct	0.1	0	True	truqtl
50	42	100000	500	10pct	0.1	0	True	truqtl
50	43	100000	500	10pct	0.1	0	True	truqtl
50	44	100000	500	10pct	0.1	0	True	truqtl
50	45	100000	500	10pct	0.1	0	True	truqtl
50	46	100000	500	10pct	0.1	0	True	truqtl
50	47	100000	500	10pct	0.1	0	True	truqtl
50	48	100000	500	10pct	0.1	0	True	truqtl
50	49	100000	500	10pct	0.1	0	True	truqtl
50	50	100000	500	10pct	0.1	0	True	truqtl
50	51	100000	500	10pct	0.1	0	True	truqtl
50	52	100000	500	10pct	0.1	0	True	truqtl
50	53	100000	500	10pct	0.1	0	True	truqtl
50	54	100000	500	10pct	0.1	0	True	truqtl
50	55	100000	500	10pct	0.1	0	True	truqtl
50	56	100000	500	10pct	0.1	0	True	truqtl
50	57	100000	500	10pct	0.1	0	True	truqtl
50	58	100000	500	10pct	0.1	0	True	truqtl
50	59	100000	500	10pct	0.1	0	True	truqtl
50	60	100000	500	10pct	0.1	0	True	truqtl
50	61	100000	500	10pct	0.1	0	True	truqtl
50	62	100000	500	10pct	0.1	0	True	truqtl
50	63	100000	500	10pct	0.1	0	True	truqtl
50	64	100000	500	10pct	0.1	0	True	truqtl
50	65	100000	500	10pct	0.1	0	True	truqtl
50	66	100000	500	10pct	0.1	0	True	truqtl
50	67	100000	500	10pct	0.1	0	True	truqtl
50	68	100000	500	10pct	0.1	0	True	truqtl
50	69	100000	500	10pct	0.1	0	True	truqtl
50	70	100000	500	10pct	0.1	0	True	truqtl
50	71	100000	500	10pct	0.1	0	True	truqtl
50	72	100000	500	10pct	0.1	0	True	truqtl
50	73	100000	500	10pct	0.1	0	True	truqtl
50	74	100000	500	10pct	0.1	0	True	truqtl
50	75	100000	500	10pct	0.1	0	True	truqtl
50	76	100000	500	10pct	0.1	0	True	truqtl
50	77	100000	500	10pct	0.1	0	True	truqtl
50	78	100000	500	10pct	0.1	0	True	truqtl
50	79	100000	500	10pct	0.1	0	True	truqtl
50	80	100000	500	10pct	0.1	0	True	truqtl
50	81	100000	500	10pct	0.1	0	True	truqtl
50	82	100000	500	10pct	0.1	0	True	truqtl
50	83	100000	500	10pct	0.1	0	True	truqtl
50	84	100000	500	10pct	0.1	0	True	truqtl
50	85	100000	500	10pct	0.1	0	True	truqtl
50	86	100000	500	10pct	0.1	0	True	truqtl
50	87	100000	500	10pct	0.1	0	True	truqtl
50	88	100000	500	10pct	0.1	0	True	truqtl
50	89	100000	500	10pct	0.1	0	True	truqtl
50	90	100000	500	10pct	0.1	0	True	truqtl
50	91	100000	500	10pct	0.1	0	True	truqtl
50	92	100000	500	10pct	0.1	0	True	truqtl
50	93	100000	500	10pct	0.1	0	True	truqtl
50	94	100000	500	10pct	0.1	0	True	truqtl
50	95	100000	500	10pct	0.1	0	True	truqtl
50	96	100000	500	10pct	0.1	0	True	truqtl
50	97	100000	500	10pct	0.1	0	True	truqtl
50	98	100000	500	10pct	0.1	0	True	truqtl
50	99	100000	500	10pct	0.1	0	True	truqtl
50	100	100000	500	10pct	0.1	0	True	truqtl
51	1	100000	500	10pct	0.1	5e-5	False	truqtl
51	2	100000	500	10pct	0.1	5e-5	False	truqtl
51	3	100000	500	10pct	0.1	5e-5	False	truqtl
51	4	100000	500	10pct	0.1	5e-5	False	truqtl
51	5	100000	500	10pct	0.1	5e-5	False	truqtl
51	6	100000	500	10pct	0.1	5e-5	False	truqtl
51	7	100000	500	10pct	0.1	5e-5	False	truqtl
51	8	100000	500	10pct	0.1	5e-5	False	truqtl
51	9	100000	500	10pct	0.1	5e-5	False	truqtl
51	10	100000	500	10pct	0.1	5e-5	False	truqtl
51	11	100000	500	10pct	0.1	5e-5	False	truqtl
51	12	100000	500	10pct	0.1	5e-5	False	truqtl
51	13	100000	500	10pct	0.1	5e-5	False	truqtl
51	14	100000	500	10pct	0.1	5e-5	False	truqtl
51	15	100000	500	10pct	0.1	5e-5	False	truqtl
51	16	100000	500	10pct	0.1	5e-5	False	truqtl
51	17	100000	500	10pct	0.1	5e-5	False	truqtl
51	18	100000	500	10pct	0.1	5e-5	False	truqtl
51	19	100000	500	10pct	0.1	5e-5	False	truqtl
51	20	100000	500	10pct	0.1	5e-5	False	truqtl
51	21	100000	500	10pct	0.1	5e-5	False	truqtl
51	22	100000	500	10pct	0.1	5e-5	False	truqtl
51	23	100000	500	10pct	0.1	5e-5	False	truqtl
51	24	100000	500	10pct	0.1	5e-5	False	truqtl
51	25	100000	500	10pct	0.1	5e-5	False	truqtl
51	26	100000	500	10pct	0.1	5e-5	False	truqtl
51	27	100000	500	10pct	0.1	5e-5	False	truqtl
51	28	100000	500	10pct	0.1	5e-5	False	truqtl
51	29	100000	500	10pct	0.1	5e-5	False	truqtl
51	30	100000	500	10pct	0.1	5e-5	False	truqtl
51	31	100000	500	10pct	0.1	5e-5	False	truqtl
51	32	100000	500	10pct	0.1	5e-5	False	truqtl
51	33	100000	500	10pct	0.1	5e-5	False	truqtl
51	34	100000	500	10pct	0.1	5e-5	False	truqtl
51	35	100000	500	10pct	0.1	5e-5	False	truqtl
51	36	100000	500	10pct	0.1	5e-5	False	truqtl
51	37	100000	500	10pct	0.1	5e-5	False	truqtl
51	38	100000	500	10pct	0.1	5e-5	False	truqtl
51	39	100000	500	10pct	0.1	5e-5	False	truqtl
51	40	100000	500	10pct	0.1	5e-5	False	truqtl
51	41	100000	500	10pct	0.1	5e-5	False	truqtl
51	42	100000	500	10pct	0.1	5e-5	False	truqtl
51	43	100000	500	10pct	0.1	5e-5	False	truqtl
51	44	100000	500	10pct	0.1	5e-5	False	truqtl
51	45	100000	500	10pct	0.1	5e-5	False	truqtl
51	46	100000	500	10pct	0.1	5e-5	False	truqtl
51	47	100000	500	10pct	0.1	5e-5	False	truqtl
51	48	100000	500	10pct	0.1	5e-5	False	truqtl
51	49	100000	500	10pct	0.1	5e-5	False	truqtl
51	50	100000	500	10pct	0.1	5e-5	False	truqtl
51	51	100000	500	10pct	0.1	5e-5	False	truqtl
51	52	100000	500	10pct	0.1	5e-5	False	truqtl
51	53	100000	500	10pct	0.1	5e-5	False	truqtl
51	54	100000	500	10pct	0.1	5e-5	False	truqtl
51	55	100000	500	10pct	0.1	5e-5	False	truqtl
51	56	100000	500	10pct	0.1	5e-5	False	truqtl
51	57	100000	500	10pct	0.1	5e-5	False	truqtl
51	58	100000	500	10pct	0.1	5e-5	False	truqtl
51	59	100000	500	10pct	0.1	5e-5	False	truqtl
51	60	100000	500	10pct	0.1	5e-5	False	truqtl
51	61	100000	500	10pct	0.1	5e-5	False	truqtl
51	62	100000	500	10pct	0.1	5e-5	False	truqtl
51	63	100000	500	10pct	0.1	5e-5	False	truqtl
51	64	100000	500	10pct	0.1	5e-5	False	truqtl
51	65	100000	500	10pct	0.1	5e-5	False	truqtl
51	66	100000	500	10pct	0.1	5e-5	False	truqtl
51	67	100000	500	10pct	0.1	5e-5	False	truqtl
51	68	100000	500	10pct	0.1	5e-5	False	truqtl
51	69	100000	500	10pct	0.1	5e-5	False	truqtl
51	70	100000	500	10pct	0.1	5e-5	False	truqtl
51	71	100000	500	10pct	0.1	5e-5	False	truqtl
51	72	100000	500	10pct	0.1	5e-5	False	truqtl
51	73	100000	500	10pct	0.1	5e-5	False	truqtl
51	74	100000	500	10pct	0.1	5e-5	False	truqtl
51	75	100000	500	10pct	0.1	5e-5	False	truqtl
51	76	100000	500	10pct	0.1	5e-5	False	truqtl
51	77	100000	500	10pct	0.1	5e-5	False	truqtl
51	78	100000	500	10pct	0.1	5e-5	False	truqtl
51	79	100000	500	10pct	0.1	5e-5	False	truqtl
51	80	100000	500	10pct	0.1	5e-5	False	truqtl
51	81	100000	500	10pct	0.1	5e-5	False	truqtl
51	82	100000	500	10pct	0.1	5e-5	False	truqtl
51	83	100000	500	10pct	0.1	5e-5	False	truqtl
51	84	100000	500	10pct	0.1	5e-5	False	truqtl
51	85	100000	500	10pct	0.1	5e-5	False	truqtl
51	86	100000	500	10pct	0.1	5e-5	False	truqtl
51	87	100000	500	10pct	0.1	5e-5	False	truqtl
51	88	100000	500	10pct	0.1	5e-5	False	truqtl
51	89	100000	500	10pct	0.1	5e-5	False	truqtl
51	90	100000	500	10pct	0.1	5e-5	False	truqtl
51	91	100000	500	10pct	0.1	5e-5	False	truqtl
51	92	100000	500	10pct	0.1	5e-5	False	truqtl
51	93	100000	500	10pct	0.1	5e-5	False	truqtl
51	94	100000	500	10pct	0.1	5e-5	False	truqtl
51	95	100000	500	10pct	0.1	5e-5	False	truqtl
51	96	100000	500	10pct	0.1	5e-5	False	truqtl
51	97	100000	500	10pct	0.1	5e-5	False	truqtl
51	98	100000	500	10pct	0.1	5e-5	False	truqtl
51	99	100000	500	10pct	0.1	5e-5	False	truqtl
51	100	100000	500	10pct	0.1	5e-5	False	truqtl
52	1	100000	500	10pct	0.1	5e-5	True	truqtl
52	2	100000	500	10pct	0.1	5e-5	True	truqtl
52	3	100000	500	10pct	0.1	5e-5	True	truqtl
52	4	100000	500	10pct	0.1	5e-5	True	truqtl
52	5	100000	500	10pct	0.1	5e-5	True	truqtl
52	6	100000	500	10pct	0.1	5e-5	True	truqtl
52	7	100000	500	10pct	0.1	5e-5	True	truqtl
52	8	100000	500	10pct	0.1	5e-5	True	truqtl
52	9	100000	500	10pct	0.1	5e-5	True	truqtl
52	10	100000	500	10pct	0.1	5e-5	True	truqtl
52	11	100000	500	10pct	0.1	5e-5	True	truqtl
52	12	100000	500	10pct	0.1	5e-5	True	truqtl
52	13	100000	500	10pct	0.1	5e-5	True	truqtl
52	14	100000	500	10pct	0.1	5e-5	True	truqtl
52	15	100000	500	10pct	0.1	5e-5	True	truqtl
52	16	100000	500	10pct	0.1	5e-5	True	truqtl
52	17	100000	500	10pct	0.1	5e-5	True	truqtl
52	18	100000	500	10pct	0.1	5e-5	True	truqtl
52	19	100000	500	10pct	0.1	5e-5	True	truqtl
52	20	100000	500	10pct	0.1	5e-5	True	truqtl
52	21	100000	500	10pct	0.1	5e-5	True	truqtl
52	22	100000	500	10pct	0.1	5e-5	True	truqtl
52	23	100000	500	10pct	0.1	5e-5	True	truqtl
52	24	100000	500	10pct	0.1	5e-5	True	truqtl
52	25	100000	500	10pct	0.1	5e-5	True	truqtl
52	26	100000	500	10pct	0.1	5e-5	True	truqtl
52	27	100000	500	10pct	0.1	5e-5	True	truqtl
52	28	100000	500	10pct	0.1	5e-5	True	truqtl
52	29	100000	500	10pct	0.1	5e-5	True	truqtl
52	30	100000	500	10pct	0.1	5e-5	True	truqtl
52	31	100000	500	10pct	0.1	5e-5	True	truqtl
52	32	100000	500	10pct	0.1	5e-5	True	truqtl
52	33	100000	500	10pct	0.1	5e-5	True	truqtl
52	34	100000	500	10pct	0.1	5e-5	True	truqtl
52	35	100000	500	10pct	0.1	5e-5	True	truqtl
52	36	100000	500	10pct	0.1	5e-5	True	truqtl
52	37	100000	500	10pct	0.1	5e-5	True	truqtl
52	38	100000	500	10pct	0.1	5e-5	True	truqtl
52	39	100000	500	10pct	0.1	5e-5	True	truqtl
52	40	100000	500	10pct	0.1	5e-5	True	truqtl
52	41	100000	500	10pct	0.1	5e-5	True	truqtl
52	42	100000	500	10pct	0.1	5e-5	True	truqtl
52	43	100000	500	10pct	0.1	5e-5	True	truqtl
52	44	100000	500	10pct	0.1	5e-5	True	truqtl
52	45	100000	500	10pct	0.1	5e-5	True	truqtl
52	46	100000	500	10pct	0.1	5e-5	True	truqtl
52	47	100000	500	10pct	0.1	5e-5	True	truqtl
52	48	100000	500	10pct	0.1	5e-5	True	truqtl
52	49	100000	500	10pct	0.1	5e-5	True	truqtl
52	50	100000	500	10pct	0.1	5e-5	True	truqtl
52	51	100000	500	10pct	0.1	5e-5	True	truqtl
52	52	100000	500	10pct	0.1	5e-5	True	truqtl
52	53	100000	500	10pct	0.1	5e-5	True	truqtl
52	54	100000	500	10pct	0.1	5e-5	True	truqtl
52	55	100000	500	10pct	0.1	5e-5	True	truqtl
52	56	100000	500	10pct	0.1	5e-5	True	truqtl
52	57	100000	500	10pct	0.1	5e-5	True	truqtl
52	58	100000	500	10pct	0.1	5e-5	True	truqtl
52	59	100000	500	10pct	0.1	5e-5	True	truqtl
52	60	100000	500	10pct	0.1	5e-5	True	truqtl
52	61	100000	500	10pct	0.1	5e-5	True	truqtl
52	62	100000	500	10pct	0.1	5e-5	True	truqtl
52	63	100000	500	10pct	0.1	5e-5	True	truqtl
52	64	100000	500	10pct	0.1	5e-5	True	truqtl
52	65	100000	500	10pct	0.1	5e-5	True	truqtl
52	66	100000	500	10pct	0.1	5e-5	True	truqtl
52	67	100000	500	10pct	0.1	5e-5	True	truqtl
52	68	100000	500	10pct	0.1	5e-5	True	truqtl
52	69	100000	500	10pct	0.1	5e-5	True	truqtl
52	70	100000	500	10pct	0.1	5e-5	True	truqtl
52	71	100000	500	10pct	0.1	5e-5	True	truqtl
52	72	100000	500	10pct	0.1	5e-5	True	truqtl
52	73	100000	500	10pct	0.1	5e-5	True	truqtl
52	74	100000	500	10pct	0.1	5e-5	True	truqtl
52	75	100000	500	10pct	0.1	5e-5	True	truqtl
52	76	100000	500	10pct	0.1	5e-5	True	truqtl
52	77	100000	500	10pct	0.1	5e-5	True	truqtl
52	78	100000	500	10pct	0.1	5e-5	True	truqtl
52	79	100000	500	10pct	0.1	5e-5	True	truqtl
52	80	100000	500	10pct	0.1	5e-5	True	truqtl
52	81	100000	500	10pct	0.1	5e-5	True	truqtl
52	82	100000	500	10pct	0.1	5e-5	True	truqtl
52	83	100000	500	10pct	0.1	5e-5	True	truqtl
52	84	100000	500	10pct	0.1	5e-5	True	truqtl
52	85	100000	500	10pct	0.1	5e-5	True	truqtl
52	86	100000	500	10pct	0.1	5e-5	True	truqtl
52	87	100000	500	10pct	0.1	5e-5	True	truqtl
52	88	100000	500	10pct	0.1	5e-5	True	truqtl
52	89	100000	500	10pct	0.1	5e-5	True	truqtl
52	90	100000	500	10pct	0.1	5e-5	True	truqtl
52	91	100000	500	10pct	0.1	5e-5	True	truqtl
52	92	100000	500	10pct	0.1	5e-5	True	truqtl
52	93	100000	500	10pct	0.1	5e-5	True	truqtl
52	94	100000	500	10pct	0.1	5e-5	True	truqtl
52	95	100000	500	10pct	0.1	5e-5	True	truqtl
52	96	100000	500	10pct	0.1	5e-5	True	truqtl
52	97	100000	500	10pct	0.1	5e-5	True	truqtl
52	98	100000	500	10pct	0.1	5e-5	True	truqtl
52	99	100000	500	10pct	0.1	5e-5	True	truqtl
52	100	100000	500	10pct	0.1	5e-5	True	truqtl
53	1	100000	500	10pct	0.1	1e-4	False	truqtl
53	2	100000	500	10pct	0.1	1e-4	False	truqtl
53	3	100000	500	10pct	0.1	1e-4	False	truqtl
53	4	100000	500	10pct	0.1	1e-4	False	truqtl
53	5	100000	500	10pct	0.1	1e-4	False	truqtl
53	6	100000	500	10pct	0.1	1e-4	False	truqtl
53	7	100000	500	10pct	0.1	1e-4	False	truqtl
53	8	100000	500	10pct	0.1	1e-4	False	truqtl
53	9	100000	500	10pct	0.1	1e-4	False	truqtl
53	10	100000	500	10pct	0.1	1e-4	False	truqtl
53	11	100000	500	10pct	0.1	1e-4	False	truqtl
53	12	100000	500	10pct	0.1	1e-4	False	truqtl
53	13	100000	500	10pct	0.1	1e-4	False	truqtl
53	14	100000	500	10pct	0.1	1e-4	False	truqtl
53	15	100000	500	10pct	0.1	1e-4	False	truqtl
53	16	100000	500	10pct	0.1	1e-4	False	truqtl
53	17	100000	500	10pct	0.1	1e-4	False	truqtl
53	18	100000	500	10pct	0.1	1e-4	False	truqtl
53	19	100000	500	10pct	0.1	1e-4	False	truqtl
53	20	100000	500	10pct	0.1	1e-4	False	truqtl
53	21	100000	500	10pct	0.1	1e-4	False	truqtl
53	22	100000	500	10pct	0.1	1e-4	False	truqtl
53	23	100000	500	10pct	0.1	1e-4	False	truqtl
53	24	100000	500	10pct	0.1	1e-4	False	truqtl
53	25	100000	500	10pct	0.1	1e-4	False	truqtl
53	26	100000	500	10pct	0.1	1e-4	False	truqtl
53	27	100000	500	10pct	0.1	1e-4	False	truqtl
53	28	100000	500	10pct	0.1	1e-4	False	truqtl
53	29	100000	500	10pct	0.1	1e-4	False	truqtl
53	30	100000	500	10pct	0.1	1e-4	False	truqtl
53	31	100000	500	10pct	0.1	1e-4	False	truqtl
53	32	100000	500	10pct	0.1	1e-4	False	truqtl
53	33	100000	500	10pct	0.1	1e-4	False	truqtl
53	34	100000	500	10pct	0.1	1e-4	False	truqtl
53	35	100000	500	10pct	0.1	1e-4	False	truqtl
53	36	100000	500	10pct	0.1	1e-4	False	truqtl
53	37	100000	500	10pct	0.1	1e-4	False	truqtl
53	38	100000	500	10pct	0.1	1e-4	False	truqtl
53	39	100000	500	10pct	0.1	1e-4	False	truqtl
53	40	100000	500	10pct	0.1	1e-4	False	truqtl
53	41	100000	500	10pct	0.1	1e-4	False	truqtl
53	42	100000	500	10pct	0.1	1e-4	False	truqtl
53	43	100000	500	10pct	0.1	1e-4	False	truqtl
53	44	100000	500	10pct	0.1	1e-4	False	truqtl
53	45	100000	500	10pct	0.1	1e-4	False	truqtl
53	46	100000	500	10pct	0.1	1e-4	False	truqtl
53	47	100000	500	10pct	0.1	1e-4	False	truqtl
53	48	100000	500	10pct	0.1	1e-4	False	truqtl
53	49	100000	500	10pct	0.1	1e-4	False	truqtl
53	50	100000	500	10pct	0.1	1e-4	False	truqtl
53	51	100000	500	10pct	0.1	1e-4	False	truqtl
53	52	100000	500	10pct	0.1	1e-4	False	truqtl
53	53	100000	500	10pct	0.1	1e-4	False	truqtl
53	54	100000	500	10pct	0.1	1e-4	False	truqtl
53	55	100000	500	10pct	0.1	1e-4	False	truqtl
53	56	100000	500	10pct	0.1	1e-4	False	truqtl
53	57	100000	500	10pct	0.1	1e-4	False	truqtl
53	58	100000	500	10pct	0.1	1e-4	False	truqtl
53	59	100000	500	10pct	0.1	1e-4	False	truqtl
53	60	100000	500	10pct	0.1	1e-4	False	truqtl
53	61	100000	500	10pct	0.1	1e-4	False	truqtl
53	62	100000	500	10pct	0.1	1e-4	False	truqtl
53	63	100000	500	10pct	0.1	1e-4	False	truqtl
53	64	100000	500	10pct	0.1	1e-4	False	truqtl
53	65	100000	500	10pct	0.1	1e-4	False	truqtl
53	66	100000	500	10pct	0.1	1e-4	False	truqtl
53	67	100000	500	10pct	0.1	1e-4	False	truqtl
53	68	100000	500	10pct	0.1	1e-4	False	truqtl
53	69	100000	500	10pct	0.1	1e-4	False	truqtl
53	70	100000	500	10pct	0.1	1e-4	False	truqtl
53	71	100000	500	10pct	0.1	1e-4	False	truqtl
53	72	100000	500	10pct	0.1	1e-4	False	truqtl
53	73	100000	500	10pct	0.1	1e-4	False	truqtl
53	74	100000	500	10pct	0.1	1e-4	False	truqtl
53	75	100000	500	10pct	0.1	1e-4	False	truqtl
53	76	100000	500	10pct	0.1	1e-4	False	truqtl
53	77	100000	500	10pct	0.1	1e-4	False	truqtl
53	78	100000	500	10pct	0.1	1e-4	False	truqtl
53	79	100000	500	10pct	0.1	1e-4	False	truqtl
53	80	100000	500	10pct	0.1	1e-4	False	truqtl
53	81	100000	500	10pct	0.1	1e-4	False	truqtl
53	82	100000	500	10pct	0.1	1e-4	False	truqtl
53	83	100000	500	10pct	0.1	1e-4	False	truqtl
53	84	100000	500	10pct	0.1	1e-4	False	truqtl
53	85	100000	500	10pct	0.1	1e-4	False	truqtl
53	86	100000	500	10pct	0.1	1e-4	False	truqtl
53	87	100000	500	10pct	0.1	1e-4	False	truqtl
53	88	100000	500	10pct	0.1	1e-4	False	truqtl
53	89	100000	500	10pct	0.1	1e-4	False	truqtl
53	90	100000	500	10pct	0.1	1e-4	False	truqtl
53	91	100000	500	10pct	0.1	1e-4	False	truqtl
53	92	100000	500	10pct	0.1	1e-4	False	truqtl
53	93	100000	500	10pct	0.1	1e-4	False	truqtl
53	94	100000	500	10pct	0.1	1e-4	False	truqtl
53	95	100000	500	10pct	0.1	1e-4	False	truqtl
53	96	100000	500	10pct	0.1	1e-4	False	truqtl
53	97	100000	500	10pct	0.1	1e-4	False	truqtl
53	98	100000	500	10pct	0.1	1e-4	False	truqtl
53	99	100000	500	10pct	0.1	1e-4	False	truqtl
53	100	100000	500	10pct	0.1	1e-4	False	truqtl
54	1	100000	500	10pct	0.1	1e-4	True	truqtl
54	2	100000	500	10pct	0.1	1e-4	True	truqtl
54	3	100000	500	10pct	0.1	1e-4	True	truqtl
54	4	100000	500	10pct	0.1	1e-4	True	truqtl
54	5	100000	500	10pct	0.1	1e-4	True	truqtl
54	6	100000	500	10pct	0.1	1e-4	True	truqtl
54	7	100000	500	10pct	0.1	1e-4	True	truqtl
54	8	100000	500	10pct	0.1	1e-4	True	truqtl
54	9	100000	500	10pct	0.1	1e-4	True	truqtl
54	10	100000	500	10pct	0.1	1e-4	True	truqtl
54	11	100000	500	10pct	0.1	1e-4	True	truqtl
54	12	100000	500	10pct	0.1	1e-4	True	truqtl
54	13	100000	500	10pct	0.1	1e-4	True	truqtl
54	14	100000	500	10pct	0.1	1e-4	True	truqtl
54	15	100000	500	10pct	0.1	1e-4	True	truqtl
54	16	100000	500	10pct	0.1	1e-4	True	truqtl
54	17	100000	500	10pct	0.1	1e-4	True	truqtl
54	18	100000	500	10pct	0.1	1e-4	True	truqtl
54	19	100000	500	10pct	0.1	1e-4	True	truqtl
54	20	100000	500	10pct	0.1	1e-4	True	truqtl
54	21	100000	500	10pct	0.1	1e-4	True	truqtl
54	22	100000	500	10pct	0.1	1e-4	True	truqtl
54	23	100000	500	10pct	0.1	1e-4	True	truqtl
54	24	100000	500	10pct	0.1	1e-4	True	truqtl
54	25	100000	500	10pct	0.1	1e-4	True	truqtl
54	26	100000	500	10pct	0.1	1e-4	True	truqtl
54	27	100000	500	10pct	0.1	1e-4	True	truqtl
54	28	100000	500	10pct	0.1	1e-4	True	truqtl
54	29	100000	500	10pct	0.1	1e-4	True	truqtl
54	30	100000	500	10pct	0.1	1e-4	True	truqtl
54	31	100000	500	10pct	0.1	1e-4	True	truqtl
54	32	100000	500	10pct	0.1	1e-4	True	truqtl
54	33	100000	500	10pct	0.1	1e-4	True	truqtl
54	34	100000	500	10pct	0.1	1e-4	True	truqtl
54	35	100000	500	10pct	0.1	1e-4	True	truqtl
54	36	100000	500	10pct	0.1	1e-4	True	truqtl
54	37	100000	500	10pct	0.1	1e-4	True	truqtl
54	38	100000	500	10pct	0.1	1e-4	True	truqtl
54	39	100000	500	10pct	0.1	1e-4	True	truqtl
54	40	100000	500	10pct	0.1	1e-4	True	truqtl
54	41	100000	500	10pct	0.1	1e-4	True	truqtl
54	42	100000	500	10pct	0.1	1e-4	True	truqtl
54	43	100000	500	10pct	0.1	1e-4	True	truqtl
54	44	100000	500	10pct	0.1	1e-4	True	truqtl
54	45	100000	500	10pct	0.1	1e-4	True	truqtl
54	46	100000	500	10pct	0.1	1e-4	True	truqtl
54	47	100000	500	10pct	0.1	1e-4	True	truqtl
54	48	100000	500	10pct	0.1	1e-4	True	truqtl
54	49	100000	500	10pct	0.1	1e-4	True	truqtl
54	50	100000	500	10pct	0.1	1e-4	True	truqtl
54	51	100000	500	10pct	0.1	1e-4	True	truqtl
54	52	100000	500	10pct	0.1	1e-4	True	truqtl
54	53	100000	500	10pct	0.1	1e-4	True	truqtl
54	54	100000	500	10pct	0.1	1e-4	True	truqtl
54	55	100000	500	10pct	0.1	1e-4	True	truqtl
54	56	100000	500	10pct	0.1	1e-4	True	truqtl
54	57	100000	500	10pct	0.1	1e-4	True	truqtl
54	58	100000	500	10pct	0.1	1e-4	True	truqtl
54	59	100000	500	10pct	0.1	1e-4	True	truqtl
54	60	100000	500	10pct	0.1	1e-4	True	truqtl
54	61	100000	500	10pct	0.1	1e-4	True	truqtl
54	62	100000	500	10pct	0.1	1e-4	True	truqtl
54	63	100000	500	10pct	0.1	1e-4	True	truqtl
54	64	100000	500	10pct	0.1	1e-4	True	truqtl
54	65	100000	500	10pct	0.1	1e-4	True	truqtl
54	66	100000	500	10pct	0.1	1e-4	True	truqtl
54	67	100000	500	10pct	0.1	1e-4	True	truqtl
54	68	100000	500	10pct	0.1	1e-4	True	truqtl
54	69	100000	500	10pct	0.1	1e-4	True	truqtl
54	70	100000	500	10pct	0.1	1e-4	True	truqtl
54	71	100000	500	10pct	0.1	1e-4	True	truqtl
54	72	100000	500	10pct	0.1	1e-4	True	truqtl
54	73	100000	500	10pct	0.1	1e-4	True	truqtl
54	74	100000	500	10pct	0.1	1e-4	True	truqtl
54	75	100000	500	10pct	0.1	1e-4	True	truqtl
54	76	100000	500	10pct	0.1	1e-4	True	truqtl
54	77	100000	500	10pct	0.1	1e-4	True	truqtl
54	78	100000	500	10pct	0.1	1e-4	True	truqtl
54	79	100000	500	10pct	0.1	1e-4	True	truqtl
54	80	100000	500	10pct	0.1	1e-4	True	truqtl
54	81	100000	500	10pct	0.1	1e-4	True	truqtl
54	82	100000	500	10pct	0.1	1e-4	True	truqtl
54	83	100000	500	10pct	0.1	1e-4	True	truqtl
54	84	100000	500	10pct	0.1	1e-4	True	truqtl
54	85	100000	500	10pct	0.1	1e-4	True	truqtl
54	86	100000	500	10pct	0.1	1e-4	True	truqtl
54	87	100000	500	10pct	0.1	1e-4	True	truqtl
54	88	100000	500	10pct	0.1	1e-4	True	truqtl
54	89	100000	500	10pct	0.1	1e-4	True	truqtl
54	90	100000	500	10pct	0.1	1e-4	True	truqtl
54	91	100000	500	10pct	0.1	1e-4	True	truqtl
54	92	100000	500	10pct	0.1	1e-4	True	truqtl
54	93	100000	500	10pct	0.1	1e-4	True	truqtl
54	94	100000	500	10pct	0.1	1e-4	True	truqtl
54	95	100000	500	10pct	0.1	1e-4	True	truqtl
54	96	100000	500	10pct	0.1	1e-4	True	truqtl
54	97	100000	500	10pct	0.1	1e-4	True	truqtl
54	98	100000	500	10pct	0.1	1e-4	True	truqtl
54	99	100000	500	10pct	0.1	1e-4	True	truqtl
54	100	100000	500	10pct	0.1	1e-4	True	truqtl
55	1	100000	500	10pct	0.1	5e-4	False	truqtl
55	2	100000	500	10pct	0.1	5e-4	False	truqtl
55	3	100000	500	10pct	0.1	5e-4	False	truqtl
55	4	100000	500	10pct	0.1	5e-4	False	truqtl
55	5	100000	500	10pct	0.1	5e-4	False	truqtl
55	6	100000	500	10pct	0.1	5e-4	False	truqtl
55	7	100000	500	10pct	0.1	5e-4	False	truqtl
55	8	100000	500	10pct	0.1	5e-4	False	truqtl
55	9	100000	500	10pct	0.1	5e-4	False	truqtl
55	10	100000	500	10pct	0.1	5e-4	False	truqtl
55	11	100000	500	10pct	0.1	5e-4	False	truqtl
55	12	100000	500	10pct	0.1	5e-4	False	truqtl
55	13	100000	500	10pct	0.1	5e-4	False	truqtl
55	14	100000	500	10pct	0.1	5e-4	False	truqtl
55	15	100000	500	10pct	0.1	5e-4	False	truqtl
55	16	100000	500	10pct	0.1	5e-4	False	truqtl
55	17	100000	500	10pct	0.1	5e-4	False	truqtl
55	18	100000	500	10pct	0.1	5e-4	False	truqtl
55	19	100000	500	10pct	0.1	5e-4	False	truqtl
55	20	100000	500	10pct	0.1	5e-4	False	truqtl
55	21	100000	500	10pct	0.1	5e-4	False	truqtl
55	22	100000	500	10pct	0.1	5e-4	False	truqtl
55	23	100000	500	10pct	0.1	5e-4	False	truqtl
55	24	100000	500	10pct	0.1	5e-4	False	truqtl
55	25	100000	500	10pct	0.1	5e-4	False	truqtl
55	26	100000	500	10pct	0.1	5e-4	False	truqtl
55	27	100000	500	10pct	0.1	5e-4	False	truqtl
55	28	100000	500	10pct	0.1	5e-4	False	truqtl
55	29	100000	500	10pct	0.1	5e-4	False	truqtl
55	30	100000	500	10pct	0.1	5e-4	False	truqtl
55	31	100000	500	10pct	0.1	5e-4	False	truqtl
55	32	100000	500	10pct	0.1	5e-4	False	truqtl
55	33	100000	500	10pct	0.1	5e-4	False	truqtl
55	34	100000	500	10pct	0.1	5e-4	False	truqtl
55	35	100000	500	10pct	0.1	5e-4	False	truqtl
55	36	100000	500	10pct	0.1	5e-4	False	truqtl
55	37	100000	500	10pct	0.1	5e-4	False	truqtl
55	38	100000	500	10pct	0.1	5e-4	False	truqtl
55	39	100000	500	10pct	0.1	5e-4	False	truqtl
55	40	100000	500	10pct	0.1	5e-4	False	truqtl
55	41	100000	500	10pct	0.1	5e-4	False	truqtl
55	42	100000	500	10pct	0.1	5e-4	False	truqtl
55	43	100000	500	10pct	0.1	5e-4	False	truqtl
55	44	100000	500	10pct	0.1	5e-4	False	truqtl
55	45	100000	500	10pct	0.1	5e-4	False	truqtl
55	46	100000	500	10pct	0.1	5e-4	False	truqtl
55	47	100000	500	10pct	0.1	5e-4	False	truqtl
55	48	100000	500	10pct	0.1	5e-4	False	truqtl
55	49	100000	500	10pct	0.1	5e-4	False	truqtl
55	50	100000	500	10pct	0.1	5e-4	False	truqtl
55	51	100000	500	10pct	0.1	5e-4	False	truqtl
55	52	100000	500	10pct	0.1	5e-4	False	truqtl
55	53	100000	500	10pct	0.1	5e-4	False	truqtl
55	54	100000	500	10pct	0.1	5e-4	False	truqtl
55	55	100000	500	10pct	0.1	5e-4	False	truqtl
55	56	100000	500	10pct	0.1	5e-4	False	truqtl
55	57	100000	500	10pct	0.1	5e-4	False	truqtl
55	58	100000	500	10pct	0.1	5e-4	False	truqtl
55	59	100000	500	10pct	0.1	5e-4	False	truqtl
55	60	100000	500	10pct	0.1	5e-4	False	truqtl
55	61	100000	500	10pct	0.1	5e-4	False	truqtl
55	62	100000	500	10pct	0.1	5e-4	False	truqtl
55	63	100000	500	10pct	0.1	5e-4	False	truqtl
55	64	100000	500	10pct	0.1	5e-4	False	truqtl
55	65	100000	500	10pct	0.1	5e-4	False	truqtl
55	66	100000	500	10pct	0.1	5e-4	False	truqtl
55	67	100000	500	10pct	0.1	5e-4	False	truqtl
55	68	100000	500	10pct	0.1	5e-4	False	truqtl
55	69	100000	500	10pct	0.1	5e-4	False	truqtl
55	70	100000	500	10pct	0.1	5e-4	False	truqtl
55	71	100000	500	10pct	0.1	5e-4	False	truqtl
55	72	100000	500	10pct	0.1	5e-4	False	truqtl
55	73	100000	500	10pct	0.1	5e-4	False	truqtl
55	74	100000	500	10pct	0.1	5e-4	False	truqtl
55	75	100000	500	10pct	0.1	5e-4	False	truqtl
55	76	100000	500	10pct	0.1	5e-4	False	truqtl
55	77	100000	500	10pct	0.1	5e-4	False	truqtl
55	78	100000	500	10pct	0.1	5e-4	False	truqtl
55	79	100000	500	10pct	0.1	5e-4	False	truqtl
55	80	100000	500	10pct	0.1	5e-4	False	truqtl
55	81	100000	500	10pct	0.1	5e-4	False	truqtl
55	82	100000	500	10pct	0.1	5e-4	False	truqtl
55	83	100000	500	10pct	0.1	5e-4	False	truqtl
55	84	100000	500	10pct	0.1	5e-4	False	truqtl
55	85	100000	500	10pct	0.1	5e-4	False	truqtl
55	86	100000	500	10pct	0.1	5e-4	False	truqtl
55	87	100000	500	10pct	0.1	5e-4	False	truqtl
55	88	100000	500	10pct	0.1	5e-4	False	truqtl
55	89	100000	500	10pct	0.1	5e-4	False	truqtl
55	90	100000	500	10pct	0.1	5e-4	False	truqtl
55	91	100000	500	10pct	0.1	5e-4	False	truqtl
55	92	100000	500	10pct	0.1	5e-4	False	truqtl
55	93	100000	500	10pct	0.1	5e-4	False	truqtl
55	94	100000	500	10pct	0.1	5e-4	False	truqtl
55	95	100000	500	10pct	0.1	5e-4	False	truqtl
55	96	100000	500	10pct	0.1	5e-4	False	truqtl
55	97	100000	500	10pct	0.1	5e-4	False	truqtl
55	98	100000	500	10pct	0.1	5e-4	False	truqtl
55	99	100000	500	10pct	0.1	5e-4	False	truqtl
55	100	100000	500	10pct	0.1	5e-4	False	truqtl
56	1	100000	500	10pct	0.1	5e-4	True	truqtl
56	2	100000	500	10pct	0.1	5e-4	True	truqtl
56	3	100000	500	10pct	0.1	5e-4	True	truqtl
56	4	100000	500	10pct	0.1	5e-4	True	truqtl
56	5	100000	500	10pct	0.1	5e-4	True	truqtl
56	6	100000	500	10pct	0.1	5e-4	True	truqtl
56	7	100000	500	10pct	0.1	5e-4	True	truqtl
56	8	100000	500	10pct	0.1	5e-4	True	truqtl
56	9	100000	500	10pct	0.1	5e-4	True	truqtl
56	10	100000	500	10pct	0.1	5e-4	True	truqtl
56	11	100000	500	10pct	0.1	5e-4	True	truqtl
56	12	100000	500	10pct	0.1	5e-4	True	truqtl
56	13	100000	500	10pct	0.1	5e-4	True	truqtl
56	14	100000	500	10pct	0.1	5e-4	True	truqtl
56	15	100000	500	10pct	0.1	5e-4	True	truqtl
56	16	100000	500	10pct	0.1	5e-4	True	truqtl
56	17	100000	500	10pct	0.1	5e-4	True	truqtl
56	18	100000	500	10pct	0.1	5e-4	True	truqtl
56	19	100000	500	10pct	0.1	5e-4	True	truqtl
56	20	100000	500	10pct	0.1	5e-4	True	truqtl
56	21	100000	500	10pct	0.1	5e-4	True	truqtl
56	22	100000	500	10pct	0.1	5e-4	True	truqtl
56	23	100000	500	10pct	0.1	5e-4	True	truqtl
56	24	100000	500	10pct	0.1	5e-4	True	truqtl
56	25	100000	500	10pct	0.1	5e-4	True	truqtl
56	26	100000	500	10pct	0.1	5e-4	True	truqtl
56	27	100000	500	10pct	0.1	5e-4	True	truqtl
56	28	100000	500	10pct	0.1	5e-4	True	truqtl
56	29	100000	500	10pct	0.1	5e-4	True	truqtl
56	30	100000	500	10pct	0.1	5e-4	True	truqtl
56	31	100000	500	10pct	0.1	5e-4	True	truqtl
56	32	100000	500	10pct	0.1	5e-4	True	truqtl
56	33	100000	500	10pct	0.1	5e-4	True	truqtl
56	34	100000	500	10pct	0.1	5e-4	True	truqtl
56	35	100000	500	10pct	0.1	5e-4	True	truqtl
56	36	100000	500	10pct	0.1	5e-4	True	truqtl
56	37	100000	500	10pct	0.1	5e-4	True	truqtl
56	38	100000	500	10pct	0.1	5e-4	True	truqtl
56	39	100000	500	10pct	0.1	5e-4	True	truqtl
56	40	100000	500	10pct	0.1	5e-4	True	truqtl
56	41	100000	500	10pct	0.1	5e-4	True	truqtl
56	42	100000	500	10pct	0.1	5e-4	True	truqtl
56	43	100000	500	10pct	0.1	5e-4	True	truqtl
56	44	100000	500	10pct	0.1	5e-4	True	truqtl
56	45	100000	500	10pct	0.1	5e-4	True	truqtl
56	46	100000	500	10pct	0.1	5e-4	True	truqtl
56	47	100000	500	10pct	0.1	5e-4	True	truqtl
56	48	100000	500	10pct	0.1	5e-4	True	truqtl
56	49	100000	500	10pct	0.1	5e-4	True	truqtl
56	50	100000	500	10pct	0.1	5e-4	True	truqtl
56	51	100000	500	10pct	0.1	5e-4	True	truqtl
56	52	100000	500	10pct	0.1	5e-4	True	truqtl
56	53	100000	500	10pct	0.1	5e-4	True	truqtl
56	54	100000	500	10pct	0.1	5e-4	True	truqtl
56	55	100000	500	10pct	0.1	5e-4	True	truqtl
56	56	100000	500	10pct	0.1	5e-4	True	truqtl
56	57	100000	500	10pct	0.1	5e-4	True	truqtl
56	58	100000	500	10pct	0.1	5e-4	True	truqtl
56	59	100000	500	10pct	0.1	5e-4	True	truqtl
56	60	100000	500	10pct	0.1	5e-4	True	truqtl
56	61	100000	500	10pct	0.1	5e-4	True	truqtl
56	62	100000	500	10pct	0.1	5e-4	True	truqtl
56	63	100000	500	10pct	0.1	5e-4	True	truqtl
56	64	100000	500	10pct	0.1	5e-4	True	truqtl
56	65	100000	500	10pct	0.1	5e-4	True	truqtl
56	66	100000	500	10pct	0.1	5e-4	True	truqtl
56	67	100000	500	10pct	0.1	5e-4	True	truqtl
56	68	100000	500	10pct	0.1	5e-4	True	truqtl
56	69	100000	500	10pct	0.1	5e-4	True	truqtl
56	70	100000	500	10pct	0.1	5e-4	True	truqtl
56	71	100000	500	10pct	0.1	5e-4	True	truqtl
56	72	100000	500	10pct	0.1	5e-4	True	truqtl
56	73	100000	500	10pct	0.1	5e-4	True	truqtl
56	74	100000	500	10pct	0.1	5e-4	True	truqtl
56	75	100000	500	10pct	0.1	5e-4	True	truqtl
56	76	100000	500	10pct	0.1	5e-4	True	truqtl
56	77	100000	500	10pct	0.1	5e-4	True	truqtl
56	78	100000	500	10pct	0.1	5e-4	True	truqtl
56	79	100000	500	10pct	0.1	5e-4	True	truqtl
56	80	100000	500	10pct	0.1	5e-4	True	truqtl
56	81	100000	500	10pct	0.1	5e-4	True	truqtl
56	82	100000	500	10pct	0.1	5e-4	True	truqtl
56	83	100000	500	10pct	0.1	5e-4	True	truqtl
56	84	100000	500	10pct	0.1	5e-4	True	truqtl
56	85	100000	500	10pct	0.1	5e-4	True	truqtl
56	86	100000	500	10pct	0.1	5e-4	True	truqtl
56	87	100000	500	10pct	0.1	5e-4	True	truqtl
56	88	100000	500	10pct	0.1	5e-4	True	truqtl
56	89	100000	500	10pct	0.1	5e-4	True	truqtl
56	90	100000	500	10pct	0.1	5e-4	True	truqtl
56	91	100000	500	10pct	0.1	5e-4	True	truqtl
56	92	100000	500	10pct	0.1	5e-4	True	truqtl
56	93	100000	500	10pct	0.1	5e-4	True	truqtl
56	94	100000	500	10pct	0.1	5e-4	True	truqtl
56	95	100000	500	10pct	0.1	5e-4	True	truqtl
56	96	100000	500	10pct	0.1	5e-4	True	truqtl
56	97	100000	500	10pct	0.1	5e-4	True	truqtl
56	98	100000	500	10pct	0.1	5e-4	True	truqtl
56	99	100000	500	10pct	0.1	5e-4	True	truqtl
56	100	100000	500	10pct	0.1	5e-4	True	truqtl
57	1	100000	500	10pct	0.1	0.001	False	truqtl
57	2	100000	500	10pct	0.1	0.001	False	truqtl
57	3	100000	500	10pct	0.1	0.001	False	truqtl
57	4	100000	500	10pct	0.1	0.001	False	truqtl
57	5	100000	500	10pct	0.1	0.001	False	truqtl
57	6	100000	500	10pct	0.1	0.001	False	truqtl
57	7	100000	500	10pct	0.1	0.001	False	truqtl
57	8	100000	500	10pct	0.1	0.001	False	truqtl
57	9	100000	500	10pct	0.1	0.001	False	truqtl
57	10	100000	500	10pct	0.1	0.001	False	truqtl
57	11	100000	500	10pct	0.1	0.001	False	truqtl
57	12	100000	500	10pct	0.1	0.001	False	truqtl
57	13	100000	500	10pct	0.1	0.001	False	truqtl
57	14	100000	500	10pct	0.1	0.001	False	truqtl
57	15	100000	500	10pct	0.1	0.001	False	truqtl
57	16	100000	500	10pct	0.1	0.001	False	truqtl
57	17	100000	500	10pct	0.1	0.001	False	truqtl
57	18	100000	500	10pct	0.1	0.001	False	truqtl
57	19	100000	500	10pct	0.1	0.001	False	truqtl
57	20	100000	500	10pct	0.1	0.001	False	truqtl
57	21	100000	500	10pct	0.1	0.001	False	truqtl
57	22	100000	500	10pct	0.1	0.001	False	truqtl
57	23	100000	500	10pct	0.1	0.001	False	truqtl
57	24	100000	500	10pct	0.1	0.001	False	truqtl
57	25	100000	500	10pct	0.1	0.001	False	truqtl
57	26	100000	500	10pct	0.1	0.001	False	truqtl
57	27	100000	500	10pct	0.1	0.001	False	truqtl
57	28	100000	500	10pct	0.1	0.001	False	truqtl
57	29	100000	500	10pct	0.1	0.001	False	truqtl
57	30	100000	500	10pct	0.1	0.001	False	truqtl
57	31	100000	500	10pct	0.1	0.001	False	truqtl
57	32	100000	500	10pct	0.1	0.001	False	truqtl
57	33	100000	500	10pct	0.1	0.001	False	truqtl
57	34	100000	500	10pct	0.1	0.001	False	truqtl
57	35	100000	500	10pct	0.1	0.001	False	truqtl
57	36	100000	500	10pct	0.1	0.001	False	truqtl
57	37	100000	500	10pct	0.1	0.001	False	truqtl
57	38	100000	500	10pct	0.1	0.001	False	truqtl
57	39	100000	500	10pct	0.1	0.001	False	truqtl
57	40	100000	500	10pct	0.1	0.001	False	truqtl
57	41	100000	500	10pct	0.1	0.001	False	truqtl
57	42	100000	500	10pct	0.1	0.001	False	truqtl
57	43	100000	500	10pct	0.1	0.001	False	truqtl
57	44	100000	500	10pct	0.1	0.001	False	truqtl
57	45	100000	500	10pct	0.1	0.001	False	truqtl
57	46	100000	500	10pct	0.1	0.001	False	truqtl
57	47	100000	500	10pct	0.1	0.001	False	truqtl
57	48	100000	500	10pct	0.1	0.001	False	truqtl
57	49	100000	500	10pct	0.1	0.001	False	truqtl
57	50	100000	500	10pct	0.1	0.001	False	truqtl
57	51	100000	500	10pct	0.1	0.001	False	truqtl
57	52	100000	500	10pct	0.1	0.001	False	truqtl
57	53	100000	500	10pct	0.1	0.001	False	truqtl
57	54	100000	500	10pct	0.1	0.001	False	truqtl
57	55	100000	500	10pct	0.1	0.001	False	truqtl
57	56	100000	500	10pct	0.1	0.001	False	truqtl
57	57	100000	500	10pct	0.1	0.001	False	truqtl
57	58	100000	500	10pct	0.1	0.001	False	truqtl
57	59	100000	500	10pct	0.1	0.001	False	truqtl
57	60	100000	500	10pct	0.1	0.001	False	truqtl
57	61	100000	500	10pct	0.1	0.001	False	truqtl
57	62	100000	500	10pct	0.1	0.001	False	truqtl
57	63	100000	500	10pct	0.1	0.001	False	truqtl
57	64	100000	500	10pct	0.1	0.001	False	truqtl
57	65	100000	500	10pct	0.1	0.001	False	truqtl
57	66	100000	500	10pct	0.1	0.001	False	truqtl
57	67	100000	500	10pct	0.1	0.001	False	truqtl
57	68	100000	500	10pct	0.1	0.001	False	truqtl
57	69	100000	500	10pct	0.1	0.001	False	truqtl
57	70	100000	500	10pct	0.1	0.001	False	truqtl
57	71	100000	500	10pct	0.1	0.001	False	truqtl
57	72	100000	500	10pct	0.1	0.001	False	truqtl
57	73	100000	500	10pct	0.1	0.001	False	truqtl
57	74	100000	500	10pct	0.1	0.001	False	truqtl
57	75	100000	500	10pct	0.1	0.001	False	truqtl
57	76	100000	500	10pct	0.1	0.001	False	truqtl
57	77	100000	500	10pct	0.1	0.001	False	truqtl
57	78	100000	500	10pct	0.1	0.001	False	truqtl
57	79	100000	500	10pct	0.1	0.001	False	truqtl
57	80	100000	500	10pct	0.1	0.001	False	truqtl
57	81	100000	500	10pct	0.1	0.001	False	truqtl
57	82	100000	500	10pct	0.1	0.001	False	truqtl
57	83	100000	500	10pct	0.1	0.001	False	truqtl
57	84	100000	500	10pct	0.1	0.001	False	truqtl
57	85	100000	500	10pct	0.1	0.001	False	truqtl
57	86	100000	500	10pct	0.1	0.001	False	truqtl
57	87	100000	500	10pct	0.1	0.001	False	truqtl
57	88	100000	500	10pct	0.1	0.001	False	truqtl
57	89	100000	500	10pct	0.1	0.001	False	truqtl
57	90	100000	500	10pct	0.1	0.001	False	truqtl
57	91	100000	500	10pct	0.1	0.001	False	truqtl
57	92	100000	500	10pct	0.1	0.001	False	truqtl
57	93	100000	500	10pct	0.1	0.001	False	truqtl
57	94	100000	500	10pct	0.1	0.001	False	truqtl
57	95	100000	500	10pct	0.1	0.001	False	truqtl
57	96	100000	500	10pct	0.1	0.001	False	truqtl
57	97	100000	500	10pct	0.1	0.001	False	truqtl
57	98	100000	500	10pct	0.1	0.001	False	truqtl
57	99	100000	500	10pct	0.1	0.001	False	truqtl
57	100	100000	500	10pct	0.1	0.001	False	truqtl
58	1	100000	500	10pct	0.1	0.001	True	truqtl
58	2	100000	500	10pct	0.1	0.001	True	truqtl
58	3	100000	500	10pct	0.1	0.001	True	truqtl
58	4	100000	500	10pct	0.1	0.001	True	truqtl
58	5	100000	500	10pct	0.1	0.001	True	truqtl
58	6	100000	500	10pct	0.1	0.001	True	truqtl
58	7	100000	500	10pct	0.1	0.001	True	truqtl
58	8	100000	500	10pct	0.1	0.001	True	truqtl
58	9	100000	500	10pct	0.1	0.001	True	truqtl
58	10	100000	500	10pct	0.1	0.001	True	truqtl
58	11	100000	500	10pct	0.1	0.001	True	truqtl
58	12	100000	500	10pct	0.1	0.001	True	truqtl
58	13	100000	500	10pct	0.1	0.001	True	truqtl
58	14	100000	500	10pct	0.1	0.001	True	truqtl
58	15	100000	500	10pct	0.1	0.001	True	truqtl
58	16	100000	500	10pct	0.1	0.001	True	truqtl
58	17	100000	500	10pct	0.1	0.001	True	truqtl
58	18	100000	500	10pct	0.1	0.001	True	truqtl
58	19	100000	500	10pct	0.1	0.001	True	truqtl
58	20	100000	500	10pct	0.1	0.001	True	truqtl
58	21	100000	500	10pct	0.1	0.001	True	truqtl
58	22	100000	500	10pct	0.1	0.001	True	truqtl
58	23	100000	500	10pct	0.1	0.001	True	truqtl
58	24	100000	500	10pct	0.1	0.001	True	truqtl
58	25	100000	500	10pct	0.1	0.001	True	truqtl
58	26	100000	500	10pct	0.1	0.001	True	truqtl
58	27	100000	500	10pct	0.1	0.001	True	truqtl
58	28	100000	500	10pct	0.1	0.001	True	truqtl
58	29	100000	500	10pct	0.1	0.001	True	truqtl
58	30	100000	500	10pct	0.1	0.001	True	truqtl
58	31	100000	500	10pct	0.1	0.001	True	truqtl
58	32	100000	500	10pct	0.1	0.001	True	truqtl
58	33	100000	500	10pct	0.1	0.001	True	truqtl
58	34	100000	500	10pct	0.1	0.001	True	truqtl
58	35	100000	500	10pct	0.1	0.001	True	truqtl
58	36	100000	500	10pct	0.1	0.001	True	truqtl
58	37	100000	500	10pct	0.1	0.001	True	truqtl
58	38	100000	500	10pct	0.1	0.001	True	truqtl
58	39	100000	500	10pct	0.1	0.001	True	truqtl
58	40	100000	500	10pct	0.1	0.001	True	truqtl
58	41	100000	500	10pct	0.1	0.001	True	truqtl
58	42	100000	500	10pct	0.1	0.001	True	truqtl
58	43	100000	500	10pct	0.1	0.001	True	truqtl
58	44	100000	500	10pct	0.1	0.001	True	truqtl
58	45	100000	500	10pct	0.1	0.001	True	truqtl
58	46	100000	500	10pct	0.1	0.001	True	truqtl
58	47	100000	500	10pct	0.1	0.001	True	truqtl
58	48	100000	500	10pct	0.1	0.001	True	truqtl
58	49	100000	500	10pct	0.1	0.001	True	truqtl
58	50	100000	500	10pct	0.1	0.001	True	truqtl
58	51	100000	500	10pct	0.1	0.001	True	truqtl
58	52	100000	500	10pct	0.1	0.001	True	truqtl
58	53	100000	500	10pct	0.1	0.001	True	truqtl
58	54	100000	500	10pct	0.1	0.001	True	truqtl
58	55	100000	500	10pct	0.1	0.001	True	truqtl
58	56	100000	500	10pct	0.1	0.001	True	truqtl
58	57	100000	500	10pct	0.1	0.001	True	truqtl
58	58	100000	500	10pct	0.1	0.001	True	truqtl
58	59	100000	500	10pct	0.1	0.001	True	truqtl
58	60	100000	500	10pct	0.1	0.001	True	truqtl
58	61	100000	500	10pct	0.1	0.001	True	truqtl
58	62	100000	500	10pct	0.1	0.001	True	truqtl
58	63	100000	500	10pct	0.1	0.001	True	truqtl
58	64	100000	500	10pct	0.1	0.001	True	truqtl
58	65	100000	500	10pct	0.1	0.001	True	truqtl
58	66	100000	500	10pct	0.1	0.001	True	truqtl
58	67	100000	500	10pct	0.1	0.001	True	truqtl
58	68	100000	500	10pct	0.1	0.001	True	truqtl
58	69	100000	500	10pct	0.1	0.001	True	truqtl
58	70	100000	500	10pct	0.1	0.001	True	truqtl
58	71	100000	500	10pct	0.1	0.001	True	truqtl
58	72	100000	500	10pct	0.1	0.001	True	truqtl
58	73	100000	500	10pct	0.1	0.001	True	truqtl
58	74	100000	500	10pct	0.1	0.001	True	truqtl
58	75	100000	500	10pct	0.1	0.001	True	truqtl
58	76	100000	500	10pct	0.1	0.001	True	truqtl
58	77	100000	500	10pct	0.1	0.001	True	truqtl
58	78	100000	500	10pct	0.1	0.001	True	truqtl
58	79	100000	500	10pct	0.1	0.001	True	truqtl
58	80	100000	500	10pct	0.1	0.001	True	truqtl
58	81	100000	500	10pct	0.1	0.001	True	truqtl
58	82	100000	500	10pct	0.1	0.001	True	truqtl
58	83	100000	500	10pct	0.1	0.001	True	truqtl
58	84	100000	500	10pct	0.1	0.001	True	truqtl
58	85	100000	500	10pct	0.1	0.001	True	truqtl
58	86	100000	500	10pct	0.1	0.001	True	truqtl
58	87	100000	500	10pct	0.1	0.001	True	truqtl
58	88	100000	500	10pct	0.1	0.001	True	truqtl
58	89	100000	500	10pct	0.1	0.001	True	truqtl
58	90	100000	500	10pct	0.1	0.001	True	truqtl
58	91	100000	500	10pct	0.1	0.001	True	truqtl
58	92	100000	500	10pct	0.1	0.001	True	truqtl
58	93	100000	500	10pct	0.1	0.001	True	truqtl
58	94	100000	500	10pct	0.1	0.001	True	truqtl
58	95	100000	500	10pct	0.1	0.001	True	truqtl
58	96	100000	500	10pct	0.1	0.001	True	truqtl
58	97	100000	500	10pct	0.1	0.001	True	truqtl
58	98	100000	500	10pct	0.1	0.001	True	truqtl
58	99	100000	500	10pct	0.1	0.001	True	truqtl
58	100	100000	500	10pct	0.1	0.001	True	truqtl
59	1	100000	500	10pct	0.1	0.0025	False	truqtl
59	2	100000	500	10pct	0.1	0.0025	False	truqtl
59	3	100000	500	10pct	0.1	0.0025	False	truqtl
59	4	100000	500	10pct	0.1	0.0025	False	truqtl
59	5	100000	500	10pct	0.1	0.0025	False	truqtl
59	6	100000	500	10pct	0.1	0.0025	False	truqtl
59	7	100000	500	10pct	0.1	0.0025	False	truqtl
59	8	100000	500	10pct	0.1	0.0025	False	truqtl
59	9	100000	500	10pct	0.1	0.0025	False	truqtl
59	10	100000	500	10pct	0.1	0.0025	False	truqtl
59	11	100000	500	10pct	0.1	0.0025	False	truqtl
59	12	100000	500	10pct	0.1	0.0025	False	truqtl
59	13	100000	500	10pct	0.1	0.0025	False	truqtl
59	14	100000	500	10pct	0.1	0.0025	False	truqtl
59	15	100000	500	10pct	0.1	0.0025	False	truqtl
59	16	100000	500	10pct	0.1	0.0025	False	truqtl
59	17	100000	500	10pct	0.1	0.0025	False	truqtl
59	18	100000	500	10pct	0.1	0.0025	False	truqtl
59	19	100000	500	10pct	0.1	0.0025	False	truqtl
59	20	100000	500	10pct	0.1	0.0025	False	truqtl
59	21	100000	500	10pct	0.1	0.0025	False	truqtl
59	22	100000	500	10pct	0.1	0.0025	False	truqtl
59	23	100000	500	10pct	0.1	0.0025	False	truqtl
59	24	100000	500	10pct	0.1	0.0025	False	truqtl
59	25	100000	500	10pct	0.1	0.0025	False	truqtl
59	26	100000	500	10pct	0.1	0.0025	False	truqtl
59	27	100000	500	10pct	0.1	0.0025	False	truqtl
59	28	100000	500	10pct	0.1	0.0025	False	truqtl
59	29	100000	500	10pct	0.1	0.0025	False	truqtl
59	30	100000	500	10pct	0.1	0.0025	False	truqtl
59	31	100000	500	10pct	0.1	0.0025	False	truqtl
59	32	100000	500	10pct	0.1	0.0025	False	truqtl
59	33	100000	500	10pct	0.1	0.0025	False	truqtl
59	34	100000	500	10pct	0.1	0.0025	False	truqtl
59	35	100000	500	10pct	0.1	0.0025	False	truqtl
59	36	100000	500	10pct	0.1	0.0025	False	truqtl
59	37	100000	500	10pct	0.1	0.0025	False	truqtl
59	38	100000	500	10pct	0.1	0.0025	False	truqtl
59	39	100000	500	10pct	0.1	0.0025	False	truqtl
59	40	100000	500	10pct	0.1	0.0025	False	truqtl
59	41	100000	500	10pct	0.1	0.0025	False	truqtl
59	42	100000	500	10pct	0.1	0.0025	False	truqtl
59	43	100000	500	10pct	0.1	0.0025	False	truqtl
59	44	100000	500	10pct	0.1	0.0025	False	truqtl
59	45	100000	500	10pct	0.1	0.0025	False	truqtl
59	46	100000	500	10pct	0.1	0.0025	False	truqtl
59	47	100000	500	10pct	0.1	0.0025	False	truqtl
59	48	100000	500	10pct	0.1	0.0025	False	truqtl
59	49	100000	500	10pct	0.1	0.0025	False	truqtl
59	50	100000	500	10pct	0.1	0.0025	False	truqtl
59	51	100000	500	10pct	0.1	0.0025	False	truqtl
59	52	100000	500	10pct	0.1	0.0025	False	truqtl
59	53	100000	500	10pct	0.1	0.0025	False	truqtl
59	54	100000	500	10pct	0.1	0.0025	False	truqtl
59	55	100000	500	10pct	0.1	0.0025	False	truqtl
59	56	100000	500	10pct	0.1	0.0025	False	truqtl
59	57	100000	500	10pct	0.1	0.0025	False	truqtl
59	58	100000	500	10pct	0.1	0.0025	False	truqtl
59	59	100000	500	10pct	0.1	0.0025	False	truqtl
59	60	100000	500	10pct	0.1	0.0025	False	truqtl
59	61	100000	500	10pct	0.1	0.0025	False	truqtl
59	62	100000	500	10pct	0.1	0.0025	False	truqtl
59	63	100000	500	10pct	0.1	0.0025	False	truqtl
59	64	100000	500	10pct	0.1	0.0025	False	truqtl
59	65	100000	500	10pct	0.1	0.0025	False	truqtl
59	66	100000	500	10pct	0.1	0.0025	False	truqtl
59	67	100000	500	10pct	0.1	0.0025	False	truqtl
59	68	100000	500	10pct	0.1	0.0025	False	truqtl
59	69	100000	500	10pct	0.1	0.0025	False	truqtl
59	70	100000	500	10pct	0.1	0.0025	False	truqtl
59	71	100000	500	10pct	0.1	0.0025	False	truqtl
59	72	100000	500	10pct	0.1	0.0025	False	truqtl
59	73	100000	500	10pct	0.1	0.0025	False	truqtl
59	74	100000	500	10pct	0.1	0.0025	False	truqtl
59	75	100000	500	10pct	0.1	0.0025	False	truqtl
59	76	100000	500	10pct	0.1	0.0025	False	truqtl
59	77	100000	500	10pct	0.1	0.0025	False	truqtl
59	78	100000	500	10pct	0.1	0.0025	False	truqtl
59	79	100000	500	10pct	0.1	0.0025	False	truqtl
59	80	100000	500	10pct	0.1	0.0025	False	truqtl
59	81	100000	500	10pct	0.1	0.0025	False	truqtl
59	82	100000	500	10pct	0.1	0.0025	False	truqtl
59	83	100000	500	10pct	0.1	0.0025	False	truqtl
59	84	100000	500	10pct	0.1	0.0025	False	truqtl
59	85	100000	500	10pct	0.1	0.0025	False	truqtl
59	86	100000	500	10pct	0.1	0.0025	False	truqtl
59	87	100000	500	10pct	0.1	0.0025	False	truqtl
59	88	100000	500	10pct	0.1	0.0025	False	truqtl
59	89	100000	500	10pct	0.1	0.0025	False	truqtl
59	90	100000	500	10pct	0.1	0.0025	False	truqtl
59	91	100000	500	10pct	0.1	0.0025	False	truqtl
59	92	100000	500	10pct	0.1	0.0025	False	truqtl
59	93	100000	500	10pct	0.1	0.0025	False	truqtl
59	94	100000	500	10pct	0.1	0.0025	False	truqtl
59	95	100000	500	10pct	0.1	0.0025	False	truqtl
59	96	100000	500	10pct	0.1	0.0025	False	truqtl
59	97	100000	500	10pct	0.1	0.0025	False	truqtl
59	98	100000	500	10pct	0.1	0.0025	False	truqtl
59	99	100000	500	10pct	0.1	0.0025	False	truqtl
59	100	100000	500	10pct	0.1	0.0025	False	truqtl
60	1	100000	500	10pct	0.1	0.0025	True	truqtl
60	2	100000	500	10pct	0.1	0.0025	True	truqtl
60	3	100000	500	10pct	0.1	0.0025	True	truqtl
60	4	100000	500	10pct	0.1	0.0025	True	truqtl
60	5	100000	500	10pct	0.1	0.0025	True	truqtl
60	6	100000	500	10pct	0.1	0.0025	True	truqtl
60	7	100000	500	10pct	0.1	0.0025	True	truqtl
60	8	100000	500	10pct	0.1	0.0025	True	truqtl
60	9	100000	500	10pct	0.1	0.0025	True	truqtl
60	10	100000	500	10pct	0.1	0.0025	True	truqtl
60	11	100000	500	10pct	0.1	0.0025	True	truqtl
60	12	100000	500	10pct	0.1	0.0025	True	truqtl
60	13	100000	500	10pct	0.1	0.0025	True	truqtl
60	14	100000	500	10pct	0.1	0.0025	True	truqtl
60	15	100000	500	10pct	0.1	0.0025	True	truqtl
60	16	100000	500	10pct	0.1	0.0025	True	truqtl
60	17	100000	500	10pct	0.1	0.0025	True	truqtl
60	18	100000	500	10pct	0.1	0.0025	True	truqtl
60	19	100000	500	10pct	0.1	0.0025	True	truqtl
60	20	100000	500	10pct	0.1	0.0025	True	truqtl
60	21	100000	500	10pct	0.1	0.0025	True	truqtl
60	22	100000	500	10pct	0.1	0.0025	True	truqtl
60	23	100000	500	10pct	0.1	0.0025	True	truqtl
60	24	100000	500	10pct	0.1	0.0025	True	truqtl
60	25	100000	500	10pct	0.1	0.0025	True	truqtl
60	26	100000	500	10pct	0.1	0.0025	True	truqtl
60	27	100000	500	10pct	0.1	0.0025	True	truqtl
60	28	100000	500	10pct	0.1	0.0025	True	truqtl
60	29	100000	500	10pct	0.1	0.0025	True	truqtl
60	30	100000	500	10pct	0.1	0.0025	True	truqtl
60	31	100000	500	10pct	0.1	0.0025	True	truqtl
60	32	100000	500	10pct	0.1	0.0025	True	truqtl
60	33	100000	500	10pct	0.1	0.0025	True	truqtl
60	34	100000	500	10pct	0.1	0.0025	True	truqtl
60	35	100000	500	10pct	0.1	0.0025	True	truqtl
60	36	100000	500	10pct	0.1	0.0025	True	truqtl
60	37	100000	500	10pct	0.1	0.0025	True	truqtl
60	38	100000	500	10pct	0.1	0.0025	True	truqtl
60	39	100000	500	10pct	0.1	0.0025	True	truqtl
60	40	100000	500	10pct	0.1	0.0025	True	truqtl
60	41	100000	500	10pct	0.1	0.0025	True	truqtl
60	42	100000	500	10pct	0.1	0.0025	True	truqtl
60	43	100000	500	10pct	0.1	0.0025	True	truqtl
60	44	100000	500	10pct	0.1	0.0025	True	truqtl
60	45	100000	500	10pct	0.1	0.0025	True	truqtl
60	46	100000	500	10pct	0.1	0.0025	True	truqtl
60	47	100000	500	10pct	0.1	0.0025	True	truqtl
60	48	100000	500	10pct	0.1	0.0025	True	truqtl
60	49	100000	500	10pct	0.1	0.0025	True	truqtl
60	50	100000	500	10pct	0.1	0.0025	True	truqtl
60	51	100000	500	10pct	0.1	0.0025	True	truqtl
60	52	100000	500	10pct	0.1	0.0025	True	truqtl
60	53	100000	500	10pct	0.1	0.0025	True	truqtl
60	54	100000	500	10pct	0.1	0.0025	True	truqtl
60	55	100000	500	10pct	0.1	0.0025	True	truqtl
60	56	100000	500	10pct	0.1	0.0025	True	truqtl
60	57	100000	500	10pct	0.1	0.0025	True	truqtl
60	58	100000	500	10pct	0.1	0.0025	True	truqtl
60	59	100000	500	10pct	0.1	0.0025	True	truqtl
60	60	100000	500	10pct	0.1	0.0025	True	truqtl
60	61	100000	500	10pct	0.1	0.0025	True	truqtl
60	62	100000	500	10pct	0.1	0.0025	True	truqtl
60	63	100000	500	10pct	0.1	0.0025	True	truqtl
60	64	100000	500	10pct	0.1	0.0025	True	truqtl
60	65	100000	500	10pct	0.1	0.0025	True	truqtl
60	66	100000	500	10pct	0.1	0.0025	True	truqtl
60	67	100000	500	10pct	0.1	0.0025	True	truqtl
60	68	100000	500	10pct	0.1	0.0025	True	truqtl
60	69	100000	500	10pct	0.1	0.0025	True	truqtl
60	70	100000	500	10pct	0.1	0.0025	True	truqtl
60	71	100000	500	10pct	0.1	0.0025	True	truqtl
60	72	100000	500	10pct	0.1	0.0025	True	truqtl
60	73	100000	500	10pct	0.1	0.0025	True	truqtl
60	74	100000	500	10pct	0.1	0.0025	True	truqtl
60	75	100000	500	10pct	0.1	0.0025	True	truqtl
60	76	100000	500	10pct	0.1	0.0025	True	truqtl
60	77	100000	500	10pct	0.1	0.0025	True	truqtl
60	78	100000	500	10pct	0.1	0.0025	True	truqtl
60	79	100000	500	10pct	0.1	0.0025	True	truqtl
60	80	100000	500	10pct	0.1	0.0025	True	truqtl
60	81	100000	500	10pct	0.1	0.0025	True	truqtl
60	82	100000	500	10pct	0.1	0.0025	True	truqtl
60	83	100000	500	10pct	0.1	0.0025	True	truqtl
60	84	100000	500	10pct	0.1	0.0025	True	truqtl
60	85	100000	500	10pct	0.1	0.0025	True	truqtl
60	86	100000	500	10pct	0.1	0.0025	True	truqtl
60	87	100000	500	10pct	0.1	0.0025	True	truqtl
60	88	100000	500	10pct	0.1	0.0025	True	truqtl
60	89	100000	500	10pct	0.1	0.0025	True	truqtl
60	90	100000	500	10pct	0.1	0.0025	True	truqtl
60	91	100000	500	10pct	0.1	0.0025	True	truqtl
60	92	100000	500	10pct	0.1	0.0025	True	truqtl
60	93	100000	500	10pct	0.1	0.0025	True	truqtl
60	94	100000	500	10pct	0.1	0.0025	True	truqtl
60	95	100000	500	10pct	0.1	0.0025	True	truqtl
60	96	100000	500	10pct	0.1	0.0025	True	truqtl
60	97	100000	500	10pct	0.1	0.0025	True	truqtl
60	98	100000	500	10pct	0.1	0.0025	True	truqtl
60	99	100000	500	10pct	0.1	0.0025	True	truqtl
60	100	100000	500	10pct	0.1	0.0025	True	truqtl
61	1	100000	500	10pct	0.1	0.005	False	truqtl
61	2	100000	500	10pct	0.1	0.005	False	truqtl
61	3	100000	500	10pct	0.1	0.005	False	truqtl
61	4	100000	500	10pct	0.1	0.005	False	truqtl
61	5	100000	500	10pct	0.1	0.005	False	truqtl
61	6	100000	500	10pct	0.1	0.005	False	truqtl
61	7	100000	500	10pct	0.1	0.005	False	truqtl
61	8	100000	500	10pct	0.1	0.005	False	truqtl
61	9	100000	500	10pct	0.1	0.005	False	truqtl
61	10	100000	500	10pct	0.1	0.005	False	truqtl
61	11	100000	500	10pct	0.1	0.005	False	truqtl
61	12	100000	500	10pct	0.1	0.005	False	truqtl
61	13	100000	500	10pct	0.1	0.005	False	truqtl
61	14	100000	500	10pct	0.1	0.005	False	truqtl
61	15	100000	500	10pct	0.1	0.005	False	truqtl
61	16	100000	500	10pct	0.1	0.005	False	truqtl
61	17	100000	500	10pct	0.1	0.005	False	truqtl
61	18	100000	500	10pct	0.1	0.005	False	truqtl
61	19	100000	500	10pct	0.1	0.005	False	truqtl
61	20	100000	500	10pct	0.1	0.005	False	truqtl
61	21	100000	500	10pct	0.1	0.005	False	truqtl
61	22	100000	500	10pct	0.1	0.005	False	truqtl
61	23	100000	500	10pct	0.1	0.005	False	truqtl
61	24	100000	500	10pct	0.1	0.005	False	truqtl
61	25	100000	500	10pct	0.1	0.005	False	truqtl
61	26	100000	500	10pct	0.1	0.005	False	truqtl
61	27	100000	500	10pct	0.1	0.005	False	truqtl
61	28	100000	500	10pct	0.1	0.005	False	truqtl
61	29	100000	500	10pct	0.1	0.005	False	truqtl
61	30	100000	500	10pct	0.1	0.005	False	truqtl
61	31	100000	500	10pct	0.1	0.005	False	truqtl
61	32	100000	500	10pct	0.1	0.005	False	truqtl
61	33	100000	500	10pct	0.1	0.005	False	truqtl
61	34	100000	500	10pct	0.1	0.005	False	truqtl
61	35	100000	500	10pct	0.1	0.005	False	truqtl
61	36	100000	500	10pct	0.1	0.005	False	truqtl
61	37	100000	500	10pct	0.1	0.005	False	truqtl
61	38	100000	500	10pct	0.1	0.005	False	truqtl
61	39	100000	500	10pct	0.1	0.005	False	truqtl
61	40	100000	500	10pct	0.1	0.005	False	truqtl
61	41	100000	500	10pct	0.1	0.005	False	truqtl
61	42	100000	500	10pct	0.1	0.005	False	truqtl
61	43	100000	500	10pct	0.1	0.005	False	truqtl
61	44	100000	500	10pct	0.1	0.005	False	truqtl
61	45	100000	500	10pct	0.1	0.005	False	truqtl
61	46	100000	500	10pct	0.1	0.005	False	truqtl
61	47	100000	500	10pct	0.1	0.005	False	truqtl
61	48	100000	500	10pct	0.1	0.005	False	truqtl
61	49	100000	500	10pct	0.1	0.005	False	truqtl
61	50	100000	500	10pct	0.1	0.005	False	truqtl
61	51	100000	500	10pct	0.1	0.005	False	truqtl
61	52	100000	500	10pct	0.1	0.005	False	truqtl
61	53	100000	500	10pct	0.1	0.005	False	truqtl
61	54	100000	500	10pct	0.1	0.005	False	truqtl
61	55	100000	500	10pct	0.1	0.005	False	truqtl
61	56	100000	500	10pct	0.1	0.005	False	truqtl
61	57	100000	500	10pct	0.1	0.005	False	truqtl
61	58	100000	500	10pct	0.1	0.005	False	truqtl
61	59	100000	500	10pct	0.1	0.005	False	truqtl
61	60	100000	500	10pct	0.1	0.005	False	truqtl
61	61	100000	500	10pct	0.1	0.005	False	truqtl
61	62	100000	500	10pct	0.1	0.005	False	truqtl
61	63	100000	500	10pct	0.1	0.005	False	truqtl
61	64	100000	500	10pct	0.1	0.005	False	truqtl
61	65	100000	500	10pct	0.1	0.005	False	truqtl
61	66	100000	500	10pct	0.1	0.005	False	truqtl
61	67	100000	500	10pct	0.1	0.005	False	truqtl
61	68	100000	500	10pct	0.1	0.005	False	truqtl
61	69	100000	500	10pct	0.1	0.005	False	truqtl
61	70	100000	500	10pct	0.1	0.005	False	truqtl
61	71	100000	500	10pct	0.1	0.005	False	truqtl
61	72	100000	500	10pct	0.1	0.005	False	truqtl
61	73	100000	500	10pct	0.1	0.005	False	truqtl
61	74	100000	500	10pct	0.1	0.005	False	truqtl
61	75	100000	500	10pct	0.1	0.005	False	truqtl
61	76	100000	500	10pct	0.1	0.005	False	truqtl
61	77	100000	500	10pct	0.1	0.005	False	truqtl
61	78	100000	500	10pct	0.1	0.005	False	truqtl
61	79	100000	500	10pct	0.1	0.005	False	truqtl
61	80	100000	500	10pct	0.1	0.005	False	truqtl
61	81	100000	500	10pct	0.1	0.005	False	truqtl
61	82	100000	500	10pct	0.1	0.005	False	truqtl
61	83	100000	500	10pct	0.1	0.005	False	truqtl
61	84	100000	500	10pct	0.1	0.005	False	truqtl
61	85	100000	500	10pct	0.1	0.005	False	truqtl
61	86	100000	500	10pct	0.1	0.005	False	truqtl
61	87	100000	500	10pct	0.1	0.005	False	truqtl
61	88	100000	500	10pct	0.1	0.005	False	truqtl
61	89	100000	500	10pct	0.1	0.005	False	truqtl
61	90	100000	500	10pct	0.1	0.005	False	truqtl
61	91	100000	500	10pct	0.1	0.005	False	truqtl
61	92	100000	500	10pct	0.1	0.005	False	truqtl
61	93	100000	500	10pct	0.1	0.005	False	truqtl
61	94	100000	500	10pct	0.1	0.005	False	truqtl
61	95	100000	500	10pct	0.1	0.005	False	truqtl
61	96	100000	500	10pct	0.1	0.005	False	truqtl
61	97	100000	500	10pct	0.1	0.005	False	truqtl
61	98	100000	500	10pct	0.1	0.005	False	truqtl
61	99	100000	500	10pct	0.1	0.005	False	truqtl
61	100	100000	500	10pct	0.1	0.005	False	truqtl
62	1	100000	500	10pct	0.1	0.005	True	truqtl
62	2	100000	500	10pct	0.1	0.005	True	truqtl
62	3	100000	500	10pct	0.1	0.005	True	truqtl
62	4	100000	500	10pct	0.1	0.005	True	truqtl
62	5	100000	500	10pct	0.1	0.005	True	truqtl
62	6	100000	500	10pct	0.1	0.005	True	truqtl
62	7	100000	500	10pct	0.1	0.005	True	truqtl
62	8	100000	500	10pct	0.1	0.005	True	truqtl
62	9	100000	500	10pct	0.1	0.005	True	truqtl
62	10	100000	500	10pct	0.1	0.005	True	truqtl
62	11	100000	500	10pct	0.1	0.005	True	truqtl
62	12	100000	500	10pct	0.1	0.005	True	truqtl
62	13	100000	500	10pct	0.1	0.005	True	truqtl
62	14	100000	500	10pct	0.1	0.005	True	truqtl
62	15	100000	500	10pct	0.1	0.005	True	truqtl
62	16	100000	500	10pct	0.1	0.005	True	truqtl
62	17	100000	500	10pct	0.1	0.005	True	truqtl
62	18	100000	500	10pct	0.1	0.005	True	truqtl
62	19	100000	500	10pct	0.1	0.005	True	truqtl
62	20	100000	500	10pct	0.1	0.005	True	truqtl
62	21	100000	500	10pct	0.1	0.005	True	truqtl
62	22	100000	500	10pct	0.1	0.005	True	truqtl
62	23	100000	500	10pct	0.1	0.005	True	truqtl
62	24	100000	500	10pct	0.1	0.005	True	truqtl
62	25	100000	500	10pct	0.1	0.005	True	truqtl
62	26	100000	500	10pct	0.1	0.005	True	truqtl
62	27	100000	500	10pct	0.1	0.005	True	truqtl
62	28	100000	500	10pct	0.1	0.005	True	truqtl
62	29	100000	500	10pct	0.1	0.005	True	truqtl
62	30	100000	500	10pct	0.1	0.005	True	truqtl
62	31	100000	500	10pct	0.1	0.005	True	truqtl
62	32	100000	500	10pct	0.1	0.005	True	truqtl
62	33	100000	500	10pct	0.1	0.005	True	truqtl
62	34	100000	500	10pct	0.1	0.005	True	truqtl
62	35	100000	500	10pct	0.1	0.005	True	truqtl
62	36	100000	500	10pct	0.1	0.005	True	truqtl
62	37	100000	500	10pct	0.1	0.005	True	truqtl
62	38	100000	500	10pct	0.1	0.005	True	truqtl
62	39	100000	500	10pct	0.1	0.005	True	truqtl
62	40	100000	500	10pct	0.1	0.005	True	truqtl
62	41	100000	500	10pct	0.1	0.005	True	truqtl
62	42	100000	500	10pct	0.1	0.005	True	truqtl
62	43	100000	500	10pct	0.1	0.005	True	truqtl
62	44	100000	500	10pct	0.1	0.005	True	truqtl
62	45	100000	500	10pct	0.1	0.005	True	truqtl
62	46	100000	500	10pct	0.1	0.005	True	truqtl
62	47	100000	500	10pct	0.1	0.005	True	truqtl
62	48	100000	500	10pct	0.1	0.005	True	truqtl
62	49	100000	500	10pct	0.1	0.005	True	truqtl
62	50	100000	500	10pct	0.1	0.005	True	truqtl
62	51	100000	500	10pct	0.1	0.005	True	truqtl
62	52	100000	500	10pct	0.1	0.005	True	truqtl
62	53	100000	500	10pct	0.1	0.005	True	truqtl
62	54	100000	500	10pct	0.1	0.005	True	truqtl
62	55	100000	500	10pct	0.1	0.005	True	truqtl
62	56	100000	500	10pct	0.1	0.005	True	truqtl
62	57	100000	500	10pct	0.1	0.005	True	truqtl
62	58	100000	500	10pct	0.1	0.005	True	truqtl
62	59	100000	500	10pct	0.1	0.005	True	truqtl
62	60	100000	500	10pct	0.1	0.005	True	truqtl
62	61	100000	500	10pct	0.1	0.005	True	truqtl
62	62	100000	500	10pct	0.1	0.005	True	truqtl
62	63	100000	500	10pct	0.1	0.005	True	truqtl
62	64	100000	500	10pct	0.1	0.005	True	truqtl
62	65	100000	500	10pct	0.1	0.005	True	truqtl
62	66	100000	500	10pct	0.1	0.005	True	truqtl
62	67	100000	500	10pct	0.1	0.005	True	truqtl
62	68	100000	500	10pct	0.1	0.005	True	truqtl
62	69	100000	500	10pct	0.1	0.005	True	truqtl
62	70	100000	500	10pct	0.1	0.005	True	truqtl
62	71	100000	500	10pct	0.1	0.005	True	truqtl
62	72	100000	500	10pct	0.1	0.005	True	truqtl
62	73	100000	500	10pct	0.1	0.005	True	truqtl
62	74	100000	500	10pct	0.1	0.005	True	truqtl
62	75	100000	500	10pct	0.1	0.005	True	truqtl
62	76	100000	500	10pct	0.1	0.005	True	truqtl
62	77	100000	500	10pct	0.1	0.005	True	truqtl
62	78	100000	500	10pct	0.1	0.005	True	truqtl
62	79	100000	500	10pct	0.1	0.005	True	truqtl
62	80	100000	500	10pct	0.1	0.005	True	truqtl
62	81	100000	500	10pct	0.1	0.005	True	truqtl
62	82	100000	500	10pct	0.1	0.005	True	truqtl
62	83	100000	500	10pct	0.1	0.005	True	truqtl
62	84	100000	500	10pct	0.1	0.005	True	truqtl
62	85	100000	500	10pct	0.1	0.005	True	truqtl
62	86	100000	500	10pct	0.1	0.005	True	truqtl
62	87	100000	500	10pct	0.1	0.005	True	truqtl
62	88	100000	500	10pct	0.1	0.005	True	truqtl
62	89	100000	500	10pct	0.1	0.005	True	truqtl
62	90	100000	500	10pct	0.1	0.005	True	truqtl
62	91	100000	500	10pct	0.1	0.005	True	truqtl
62	92	100000	500	10pct	0.1	0.005	True	truqtl
62	93	100000	500	10pct	0.1	0.005	True	truqtl
62	94	100000	500	10pct	0.1	0.005	True	truqtl
62	95	100000	500	10pct	0.1	0.005	True	truqtl
62	96	100000	500	10pct	0.1	0.005	True	truqtl
62	97	100000	500	10pct	0.1	0.005	True	truqtl
62	98	100000	500	10pct	0.1	0.005	True	truqtl
62	99	100000	500	10pct	0.1	0.005	True	truqtl
62	100	100000	500	10pct	0.1	0.005	True	truqtl
63	1	100000	500	10pct	0.1	0.01	False	truqtl
63	2	100000	500	10pct	0.1	0.01	False	truqtl
63	3	100000	500	10pct	0.1	0.01	False	truqtl
63	4	100000	500	10pct	0.1	0.01	False	truqtl
63	5	100000	500	10pct	0.1	0.01	False	truqtl
63	6	100000	500	10pct	0.1	0.01	False	truqtl
63	7	100000	500	10pct	0.1	0.01	False	truqtl
63	8	100000	500	10pct	0.1	0.01	False	truqtl
63	9	100000	500	10pct	0.1	0.01	False	truqtl
63	10	100000	500	10pct	0.1	0.01	False	truqtl
63	11	100000	500	10pct	0.1	0.01	False	truqtl
63	12	100000	500	10pct	0.1	0.01	False	truqtl
63	13	100000	500	10pct	0.1	0.01	False	truqtl
63	14	100000	500	10pct	0.1	0.01	False	truqtl
63	15	100000	500	10pct	0.1	0.01	False	truqtl
63	16	100000	500	10pct	0.1	0.01	False	truqtl
63	17	100000	500	10pct	0.1	0.01	False	truqtl
63	18	100000	500	10pct	0.1	0.01	False	truqtl
63	19	100000	500	10pct	0.1	0.01	False	truqtl
63	20	100000	500	10pct	0.1	0.01	False	truqtl
63	21	100000	500	10pct	0.1	0.01	False	truqtl
63	22	100000	500	10pct	0.1	0.01	False	truqtl
63	23	100000	500	10pct	0.1	0.01	False	truqtl
63	24	100000	500	10pct	0.1	0.01	False	truqtl
63	25	100000	500	10pct	0.1	0.01	False	truqtl
63	26	100000	500	10pct	0.1	0.01	False	truqtl
63	27	100000	500	10pct	0.1	0.01	False	truqtl
63	28	100000	500	10pct	0.1	0.01	False	truqtl
63	29	100000	500	10pct	0.1	0.01	False	truqtl
63	30	100000	500	10pct	0.1	0.01	False	truqtl
63	31	100000	500	10pct	0.1	0.01	False	truqtl
63	32	100000	500	10pct	0.1	0.01	False	truqtl
63	33	100000	500	10pct	0.1	0.01	False	truqtl
63	34	100000	500	10pct	0.1	0.01	False	truqtl
63	35	100000	500	10pct	0.1	0.01	False	truqtl
63	36	100000	500	10pct	0.1	0.01	False	truqtl
63	37	100000	500	10pct	0.1	0.01	False	truqtl
63	38	100000	500	10pct	0.1	0.01	False	truqtl
63	39	100000	500	10pct	0.1	0.01	False	truqtl
63	40	100000	500	10pct	0.1	0.01	False	truqtl
63	41	100000	500	10pct	0.1	0.01	False	truqtl
63	42	100000	500	10pct	0.1	0.01	False	truqtl
63	43	100000	500	10pct	0.1	0.01	False	truqtl
63	44	100000	500	10pct	0.1	0.01	False	truqtl
63	45	100000	500	10pct	0.1	0.01	False	truqtl
63	46	100000	500	10pct	0.1	0.01	False	truqtl
63	47	100000	500	10pct	0.1	0.01	False	truqtl
63	48	100000	500	10pct	0.1	0.01	False	truqtl
63	49	100000	500	10pct	0.1	0.01	False	truqtl
63	50	100000	500	10pct	0.1	0.01	False	truqtl
63	51	100000	500	10pct	0.1	0.01	False	truqtl
63	52	100000	500	10pct	0.1	0.01	False	truqtl
63	53	100000	500	10pct	0.1	0.01	False	truqtl
63	54	100000	500	10pct	0.1	0.01	False	truqtl
63	55	100000	500	10pct	0.1	0.01	False	truqtl
63	56	100000	500	10pct	0.1	0.01	False	truqtl
63	57	100000	500	10pct	0.1	0.01	False	truqtl
63	58	100000	500	10pct	0.1	0.01	False	truqtl
63	59	100000	500	10pct	0.1	0.01	False	truqtl
63	60	100000	500	10pct	0.1	0.01	False	truqtl
63	61	100000	500	10pct	0.1	0.01	False	truqtl
63	62	100000	500	10pct	0.1	0.01	False	truqtl
63	63	100000	500	10pct	0.1	0.01	False	truqtl
63	64	100000	500	10pct	0.1	0.01	False	truqtl
63	65	100000	500	10pct	0.1	0.01	False	truqtl
63	66	100000	500	10pct	0.1	0.01	False	truqtl
63	67	100000	500	10pct	0.1	0.01	False	truqtl
63	68	100000	500	10pct	0.1	0.01	False	truqtl
63	69	100000	500	10pct	0.1	0.01	False	truqtl
63	70	100000	500	10pct	0.1	0.01	False	truqtl
63	71	100000	500	10pct	0.1	0.01	False	truqtl
63	72	100000	500	10pct	0.1	0.01	False	truqtl
63	73	100000	500	10pct	0.1	0.01	False	truqtl
63	74	100000	500	10pct	0.1	0.01	False	truqtl
63	75	100000	500	10pct	0.1	0.01	False	truqtl
63	76	100000	500	10pct	0.1	0.01	False	truqtl
63	77	100000	500	10pct	0.1	0.01	False	truqtl
63	78	100000	500	10pct	0.1	0.01	False	truqtl
63	79	100000	500	10pct	0.1	0.01	False	truqtl
63	80	100000	500	10pct	0.1	0.01	False	truqtl
63	81	100000	500	10pct	0.1	0.01	False	truqtl
63	82	100000	500	10pct	0.1	0.01	False	truqtl
63	83	100000	500	10pct	0.1	0.01	False	truqtl
63	84	100000	500	10pct	0.1	0.01	False	truqtl
63	85	100000	500	10pct	0.1	0.01	False	truqtl
63	86	100000	500	10pct	0.1	0.01	False	truqtl
63	87	100000	500	10pct	0.1	0.01	False	truqtl
63	88	100000	500	10pct	0.1	0.01	False	truqtl
63	89	100000	500	10pct	0.1	0.01	False	truqtl
63	90	100000	500	10pct	0.1	0.01	False	truqtl
63	91	100000	500	10pct	0.1	0.01	False	truqtl
63	92	100000	500	10pct	0.1	0.01	False	truqtl
63	93	100000	500	10pct	0.1	0.01	False	truqtl
63	94	100000	500	10pct	0.1	0.01	False	truqtl
63	95	100000	500	10pct	0.1	0.01	False	truqtl
63	96	100000	500	10pct	0.1	0.01	False	truqtl
63	97	100000	500	10pct	0.1	0.01	False	truqtl
63	98	100000	500	10pct	0.1	0.01	False	truqtl
63	99	100000	500	10pct	0.1	0.01	False	truqtl
63	100	100000	500	10pct	0.1	0.01	False	truqtl
64	1	100000	500	10pct	0.1	0.01	True	truqtl
64	2	100000	500	10pct	0.1	0.01	True	truqtl
64	3	100000	500	10pct	0.1	0.01	True	truqtl
64	4	100000	500	10pct	0.1	0.01	True	truqtl
64	5	100000	500	10pct	0.1	0.01	True	truqtl
64	6	100000	500	10pct	0.1	0.01	True	truqtl
64	7	100000	500	10pct	0.1	0.01	True	truqtl
64	8	100000	500	10pct	0.1	0.01	True	truqtl
64	9	100000	500	10pct	0.1	0.01	True	truqtl
64	10	100000	500	10pct	0.1	0.01	True	truqtl
64	11	100000	500	10pct	0.1	0.01	True	truqtl
64	12	100000	500	10pct	0.1	0.01	True	truqtl
64	13	100000	500	10pct	0.1	0.01	True	truqtl
64	14	100000	500	10pct	0.1	0.01	True	truqtl
64	15	100000	500	10pct	0.1	0.01	True	truqtl
64	16	100000	500	10pct	0.1	0.01	True	truqtl
64	17	100000	500	10pct	0.1	0.01	True	truqtl
64	18	100000	500	10pct	0.1	0.01	True	truqtl
64	19	100000	500	10pct	0.1	0.01	True	truqtl
64	20	100000	500	10pct	0.1	0.01	True	truqtl
64	21	100000	500	10pct	0.1	0.01	True	truqtl
64	22	100000	500	10pct	0.1	0.01	True	truqtl
64	23	100000	500	10pct	0.1	0.01	True	truqtl
64	24	100000	500	10pct	0.1	0.01	True	truqtl
64	25	100000	500	10pct	0.1	0.01	True	truqtl
64	26	100000	500	10pct	0.1	0.01	True	truqtl
64	27	100000	500	10pct	0.1	0.01	True	truqtl
64	28	100000	500	10pct	0.1	0.01	True	truqtl
64	29	100000	500	10pct	0.1	0.01	True	truqtl
64	30	100000	500	10pct	0.1	0.01	True	truqtl
64	31	100000	500	10pct	0.1	0.01	True	truqtl
64	32	100000	500	10pct	0.1	0.01	True	truqtl
64	33	100000	500	10pct	0.1	0.01	True	truqtl
64	34	100000	500	10pct	0.1	0.01	True	truqtl
64	35	100000	500	10pct	0.1	0.01	True	truqtl
64	36	100000	500	10pct	0.1	0.01	True	truqtl
64	37	100000	500	10pct	0.1	0.01	True	truqtl
64	38	100000	500	10pct	0.1	0.01	True	truqtl
64	39	100000	500	10pct	0.1	0.01	True	truqtl
64	40	100000	500	10pct	0.1	0.01	True	truqtl
64	41	100000	500	10pct	0.1	0.01	True	truqtl
64	42	100000	500	10pct	0.1	0.01	True	truqtl
64	43	100000	500	10pct	0.1	0.01	True	truqtl
64	44	100000	500	10pct	0.1	0.01	True	truqtl
64	45	100000	500	10pct	0.1	0.01	True	truqtl
64	46	100000	500	10pct	0.1	0.01	True	truqtl
64	47	100000	500	10pct	0.1	0.01	True	truqtl
64	48	100000	500	10pct	0.1	0.01	True	truqtl
64	49	100000	500	10pct	0.1	0.01	True	truqtl
64	50	100000	500	10pct	0.1	0.01	True	truqtl
64	51	100000	500	10pct	0.1	0.01	True	truqtl
64	52	100000	500	10pct	0.1	0.01	True	truqtl
64	53	100000	500	10pct	0.1	0.01	True	truqtl
64	54	100000	500	10pct	0.1	0.01	True	truqtl
64	55	100000	500	10pct	0.1	0.01	True	truqtl
64	56	100000	500	10pct	0.1	0.01	True	truqtl
64	57	100000	500	10pct	0.1	0.01	True	truqtl
64	58	100000	500	10pct	0.1	0.01	True	truqtl
64	59	100000	500	10pct	0.1	0.01	True	truqtl
64	60	100000	500	10pct	0.1	0.01	True	truqtl
64	61	100000	500	10pct	0.1	0.01	True	truqtl
64	62	100000	500	10pct	0.1	0.01	True	truqtl
64	63	100000	500	10pct	0.1	0.01	True	truqtl
64	64	100000	500	10pct	0.1	0.01	True	truqtl
64	65	100000	500	10pct	0.1	0.01	True	truqtl
64	66	100000	500	10pct	0.1	0.01	True	truqtl
64	67	100000	500	10pct	0.1	0.01	True	truqtl
64	68	100000	500	10pct	0.1	0.01	True	truqtl
64	69	100000	500	10pct	0.1	0.01	True	truqtl
64	70	100000	500	10pct	0.1	0.01	True	truqtl
64	71	100000	500	10pct	0.1	0.01	True	truqtl
64	72	100000	500	10pct	0.1	0.01	True	truqtl
64	73	100000	500	10pct	0.1	0.01	True	truqtl
64	74	100000	500	10pct	0.1	0.01	True	truqtl
64	75	100000	500	10pct	0.1	0.01	True	truqtl
64	76	100000	500	10pct	0.1	0.01	True	truqtl
64	77	100000	500	10pct	0.1	0.01	True	truqtl
64	78	100000	500	10pct	0.1	0.01	True	truqtl
64	79	100000	500	10pct	0.1	0.01	True	truqtl
64	80	100000	500	10pct	0.1	0.01	True	truqtl
64	81	100000	500	10pct	0.1	0.01	True	truqtl
64	82	100000	500	10pct	0.1	0.01	True	truqtl
64	83	100000	500	10pct	0.1	0.01	True	truqtl
64	84	100000	500	10pct	0.1	0.01	True	truqtl
64	85	100000	500	10pct	0.1	0.01	True	truqtl
64	86	100000	500	10pct	0.1	0.01	True	truqtl
64	87	100000	500	10pct	0.1	0.01	True	truqtl
64	88	100000	500	10pct	0.1	0.01	True	truqtl
64	89	100000	500	10pct	0.1	0.01	True	truqtl
64	90	100000	500	10pct	0.1	0.01	True	truqtl
64	91	100000	500	10pct	0.1	0.01	True	truqtl
64	92	100000	500	10pct	0.1	0.01	True	truqtl
64	93	100000	500	10pct	0.1	0.01	True	truqtl
64	94	100000	500	10pct	0.1	0.01	True	truqtl
64	95	100000	500	10pct	0.1	0.01	True	truqtl
64	96	100000	500	10pct	0.1	0.01	True	truqtl
64	97	100000	500	10pct	0.1	0.01	True	truqtl
64	98	100000	500	10pct	0.1	0.01	True	truqtl
64	99	100000	500	10pct	0.1	0.01	True	truqtl
64	100	100000	500	10pct	0.1	0.01	True	truqtl
